"answeredQuestions","asin","brand","breadCrumbs","delivery","description","fastestDelivery","features/0","features/1","features/2","features/3","features/4","features/5","features/6","features/7","features/8","inStock","listPrice","listPrice/currency","listPrice/value","price","price/currency","price/value","priceVariants","returnPolicy","reviewsCount","reviewsLink","savedPrice","shippingPrice","stars","support","thumbnailImage","title","url","variantAsins/0","variantAsins/1","variantAsins/2","variantAsins/3","variantAsins/4","variantAsins/5","variantAsins/6","variantAsins/7","variantAsins/8","variantAsins/9","variantAsins/10","variantAsins/11","variantAsins/12","variantAsins/13","variantAsins/14","variantAsins/15","variantAsins/16","variantAsins/17","variantAsins/18","variantAsins/19","variantAsins/20","variantAsins/21","variantAsins/22","variantAsins/23","variantAsins/24","variantAsins/25","variantAsins/26","variantAsins/27","variantAsins/28","variantAsins/29","variantAsins/30","variantAsins/31","variantAsins/32","variantAsins/33","variantAsins/34","variantAsins/35","variantAsins/36","variantAsins/37","variantAsins/38","variantAsins/39","variantAsins/40","variantAsins/41","variantAsins/42","variantAsins/43","variantAsins/44","variantAttributes/0/key","variantAttributes/0/value","variantAttributes/1/key","variantAttributes/1/value","variantAttributes/2/key","variantAttributes/2/value"
"277","B07GLRBBSS","BELONGSCI","Clothing, Shoes & Jewelry › Women › Clothing › Dresses › Casual",,,,,,,,,,,,,"true",,"$","24.64",,"$","39.99",,,"42987","/BELONGSCI-Womens-Dress-V-Neck-Sleeve/product-reviews/B07GLRBBSS?reviewerType=all_reviews",,,"3.9",,"https://images-na.ssl-images-amazon.com/images/I/51ZjAjaaW1L.__AC_SY445_SX342_QL70_FMwebp_.jpg","BELONGSCI Women's Dress Sweet & Cute V-Neck Bell Sleeve Shift Dress Mini Dress","https://www.amazon.com/dp/B07GLRBBSS","B07Q571W2X","B07Q8K1R4C","B07Q42BMQ8","B07Q56FTTH","B07Q8JYP1S","B07Q43MM36","B07Q8KX61B","B07SDBRPF6","B07Q443D8P","B07Q8K42RQ","B09ZF3JXM6","B0B3DC1RPJ","B08GWYWPCZ","B07SDBFBR1","B07SGX49JG","B07Y195YZY","B07SC5GMDK","B0B3CRCSDQ","B0B3CWMK37","B08F26V14S","B089RDKRFS","B089NK61N7","B08PCQSGV8","B093L5LC9V","B09W2DY9PK","B09W2FZF52","B09W2CVRW9","B09W2F65K1","B09ZXX38NT","B09TFDJ3RH","B09JG4YYCS","B09TDHCCVK","B08PCRLDJT","B09MM1Q8ZC","B09MM2Q93X","B09VXV82ZH","B093L6PJ9Q","B08PCJHQPS","B093L49XXQ","B093L49SVD","B09NKJZRC5","B09X331LPG","B09NKH46V6","B08PCQ81RQ","B08PCRK15M","Color","Black","Size","",,
"5","B096VF5G56","ROMWE","Clothing, Shoes & Jewelry › Women › Clothing › Dresses › Casual",,,,,,,,,,,,,"true",,"$","33.99",,"$","35.99",,,"1564","/Romwe-Womens-Tribal-Sleeve-Summer/product-reviews/B096VF5G56/ref=cm_cr_dp_d_show_all_btm?ie=UTF8&reviewerType=all_reviews",,,"3.3",,"https://images-na.ssl-images-amazon.com/images/I/81Wprdh9p-L.__AC_SX342_SY445_QL70_FMwebp_.jpg","Romwe Women's Boho Tribal Print Short Sleeve V Neck Tie Back Summer Shift Dress","https://www.amazon.com/dp/B096VF5G56","B0B2RLG5KD","B09J89ST5R","B09Q5QCH5J","B0B7NH2JJS","B099RS9XS6","B09ZLJ22CJ","B096VTN1RR","B09MK6NZ7H","B09W571R9T","B09X2VNLPD","B0B3WVNHCM","B0B8DKTQF4","B09FXS9Q7L","B0B2RKHVWK","B09VL3P9YY",,,,,,,,,,,,,,,,,,,,,,,,,,,,,,,"Size","","Color","Blue",,
"135","B08B8BKPQS","BTFBM","Clothing, Shoes & Jewelry › Women › Clothing › Dresses › Casual",,,,,,,,,,,,,"true",,"$","22.99",,"$","32.99",,,"25521","/BTFBM-Womens-Casual-Stretchy-Bodycon/product-reviews/B08B8BKPQS/ref=cm_cr_dp_d_show_all_btm?ie=UTF8&reviewerType=all_reviews",,,"4.2",,"https://images-na.ssl-images-amazon.com/images/I/61G0ZSC125L.__AC_SX342_SY445_QL70_FMwebp_.jpg","BTFBM Women's Summer Casual Beach Dresses Crew Neck Short Sleeve Ruched Stretchy Bodycon T Shirt Wrap Mini Dress","https://www.amazon.com/dp/B08B8BKPQS","B07M5T1W4L","B07MKC9HZW","B095KKHWXP","B095KK7TZF","B095KK1VFC","B08CTWFPM1","B095KK824V","B08CTWBH6J","B08K8ZFBLR","B08D75C9BH","B07NZMK8WQ","B07P3ZTN9T","B08K92L2CN","B08K8YPZ82","B08CTVV51R","B08K8YJP19","B08K91FD3J","B095KKSFZR","B095KKW2JG","B095KHDK7B","B07MGR2VRV","B0969FCSZN","B0969G67MB","B07P54BRRW","B08K8Z6R52","B08K8YZ36V","B08K8YBC9L","B08K92HXXL","B091Q1HYDQ","B07T4NP13J","B07P41YW4B","B07MGR2LGT","B095KL327L",,,,,,,,,,,,,"Color","Black","Size","",,
,"B0B133L5VM","Shy Velvet","",,,,,,,,,,,,,"true",,,,,"$","36.99",,,"78","/Shy-Velvet-Womens-Sleeves-Crossover/product-reviews/B0B133L5VM?reviewerType=all_reviews",,,"4.2",,"https://images-na.ssl-images-amazon.com/images/I/61kMF-dmbRL.__AC_SY445_SX342_QL70_FMwebp_.jpg","Shy Velvet Women's Summer Dress Square Neck Short Sleeves Crossover Waist Casual Party Mini Dress","https://www.amazon.com/dp/B0B133L5VM","B0B133D9NN","B0B134TJRK","B0B86ZM9MK","B0B5P11D18","B0B54RSVSQ","B0B8Z3DZ8K","B0B133MQPG","B0B134KWXR","B0B134BF8K","B0B4NXP8NL",,,,,,,,,,,,,,,,,,,,,,,,,,,,,,,,,,,,"Color","Black","Size","",,
"8","B07K2PY7ZJ","DIDK","Clothing, Shoes & Jewelry › Women › Clothing › Dresses › Cocktail",,,,"56.3% Nylon, 33.8% Polyester, 9.9% Spandex","进口","Zipper closure","Sparkle and breathable material, fabric has some stretch","Sleeveless, round neck, a-line, regular fit, flared, zipper, skater dress","Cute and fashion style, perfect for Summer","Occasion: casual wear, party wear, date wear","Please refer to our size measurement before ordering(not the size of amazon)",,"true",,"$","29.99",,"$","35.99",,,"1351","/DIDK-Womens-Sleeveless-Flared-Glitter/product-reviews/B07K2PY7ZJ/ref=cm_cr_dp_d_show_all_btm?ie=UTF8&reviewerType=all_reviews",,,"4",,"https://m.media-amazon.com/images/I/81+xbwVgylL._AC_SY445_SX342_.jpg","DIDK Women's Sleeveless A Line Fit and Flare Glitter Above Knee Party Cocktail Skater Dress","https://www.amazon.com/dp/B07K2PY7ZJ","B07MZM4SNB","B07K2MCZ59","B07K2M6Q11","B07MXHRXN4","B09M3LPW9F","B09M3LVZNQ",,,,,,,,,,,,,,,,,,,,,,,,,,,,,,,,,,,,,,,,"Size","","Color","Navy",,
"85","B07SNQBZYK","Naggoo","Clothing, Shoes & Jewelry › Women › Clothing › Dresses › Casual",,,,,,,,,,,,,"true",,,,,"$","32.98",,,"13934","/Naggoo-Womens-Summer-Ruffle-Sleeve/product-reviews/B07SNQBZYK/ref=cm_cr_dp_d_show_all_btm?ie=UTF8&reviewerType=all_reviews",,,"4.1",,"https://images-na.ssl-images-amazon.com/images/I/51ICTV1xvjL.__AC_SY445_SX342_QL70_FMwebp_.jpg","Naggoo Women's Summer Wrap V Neck Polka Dot Print Ruffle Short Sleeve Mini Floral Dress with Belt","https://www.amazon.com/dp/B07SNQBZYK","B07R3ZR748","B07R4VLFZC","B07R4XVBVR","B07R4TLXCQ","B083DKFYRT","B083DKCZ3P","B097MJR6N3","B09NSB3YDW","B08SQXB3NN","B083DK5798","B094FNF88Z","B09NS9SCN5","B094VT4S1Z","B094FPWM1R","B08SQJL687","B0B1559Y3F","B0B154DZMW","B0B4RBVT61","B089SQ9BC9","B0B4RD8H76","B089SPH3LC","B09JSBVPWS","B09PQWW47S","B09PR114PF","B0B4RCT188","B094FM5DVC","B08SQNWBQC","B094FPSMQ1","B09PQXDWZD","B0B4RJ845J","B09YGG14WF","B089SP17KB",,,,,,,,,,,,,,"Size","","Color","C Solid Black",,
"171","B0BC3X4RY3","","Clothing, Shoes & Jewelry › Women › Shoes › Loafers & Slip-Ons",,,,,,,,,,,,,"true",,"$","19.99",,"$","37.99",,,"24818","/II-ININ-Womens-V-Neck-Backless/product-reviews/B0BC3X4RY3/ref=cm_cr_dp_d_show_all_btm?ie=UTF8&reviewerType=all_reviews",,,"4",,"https://m.media-amazon.com/images/I/514F1+ARPnL._AC_SX342_SY445_.jpg","II ININ Women's Deep V-Neck Casual Dress Summer Backless Floral Print/Solid Split Maxi Dress for Beach Party","https://www.amazon.com/dp/B0BC3X4RY3",,,,,,,,,,,,,,,,,,,,,,,,,,,,,,,,,,,,,,,,,,,,,,"Size","","Color","",,
,"B09Y8VNXWT","SHERRYRISE","Clothing, Shoes & Jewelry › Women › Clothing › Dresses › Casual",,,,,,,,,,,,,"true",,"$","21.17",,"$","42.99",,,"271","/SHERRYRISE-Womans-Sleeve-Sweater-Pockets/product-reviews/B09Y8VNXWT/ref=cm_cr_dp_d_show_all_btm?ie=UTF8&reviewerType=all_reviews",,,"3.9",,"https://images-na.ssl-images-amazon.com/images/I/61WnuJRCsoL.__AC_SY445_SX342_QL70_FMwebp_.jpg","SHERRYRISE Woman's Long Sleeve Crew Neck Ribbed Knit High Waist Sweater Dress with Pockets","https://www.amazon.com/dp/B09Y8VNXWT","B0BFF8ZZH6","B09957WQZJ","B09958DPW3","B09958W9D8","B09JVWT1PC","B09CL4R7RM","B09CL7V9W1","B0BFF88NBB","B09JVZ9YNH","B0BFF6FQ31","B09JVXZG6V","B09959PGGY","B09HGLTJ7F",,,,,,,,,,,,,,,,,,,,,,,,,,,,,,,,,"Color","Caramel","Size","",,
"9","B09LTZY2JG","HTZMO","",,,,,,,,,,,,,"true",,,,,"$","34.99",,,"697","/HTZMO-Womens-Backless-Bodycon-Dresses/product-reviews/B09LTZY2JG/ref=cm_cr_dp_d_show_all_btm?ie=UTF8&reviewerType=all_reviews",,,"4",,"https://images-na.ssl-images-amazon.com/images/I/61OpwhklNxL.__AC_SY445_SX342_QL70_FMwebp_.jpg","HTZMO Women's Satin Slip Dress Cowl Neck Backless Ruched Bodycon Sexy Club Midi Dresses","https://www.amazon.com/dp/B09LTZY2JG","B09MNFX19V","B0B8C6Q9W7","B09MNCGS59","B09TGMCHXQ","B09MD3JKL8","B09MD15H2K","B09TGGQN87","B0B8C5D2SK","B09MNDPTF1","B09MNDJJK6","B0B87XX8W2","B09TGGSFMY","B09MCZTFGL",,,,,,,,,,,,,,,,,,,,,,,,,,,,,,,,,"Size","","Color","White",,
"209","B07GBWVS3Z","Amoretu","Clothing, Shoes & Jewelry › Women › Clothing › Dresses › Casual",,,,,,,,,,,,,"true",,"$","23.98",,"$","34.98",,,"55806","/Amoretu-Women-Summer-Casual-Dresses/product-reviews/B07GBWVS3Z/ref=cm_cr_dp_d_show_all_btm?ie=UTF8&reviewerType=all_reviews",,,"3.9",,"https://images-na.ssl-images-amazon.com/images/I/71hxv9XPViL.__AC_SX342_SY445_QL70_FMwebp_.jpg","Amoretu Women Summer Tunic Dress V Neck Casual Loose Flowy Swing Shift Dresses","https://www.amazon.com/dp/B07GBWVS3Z","B07PW6YBRL","B07PW86JC8","B07QM6K25R","B07QN3S29S","B07G5C5MRT","B09KXK8BQJ","B09KXML1NG","B09KXMKWD3","B09KXMKYXF","B07QM6QHCW","B07T669XL7","B07ZLKH24R","B07T71MRHV","B07T65KVCT","B07T2YWLN2","B07ZPSNQPM","B07ZPT3QCM","B09CL392VN","B07ZPTKWPY","B09DPXVJQ6","B09DPWHQ2V","B09DPXZSMJ","B09DPWCHGZ","B0B51C4Y2Y","B087WKYZB3","B087X296KP","B087WY2R4T","B07S7QYRCH","B087WMRDVK","B09KXK9CTP","B0B3D78TTB","B09KXGKPDN","B09KXL8FF1","B09KXLFKL3","B07S9S9SDY","B087WQL6BZ","B07S8PXVJP","B07S6NWDVF","B087WV6HF3","B07S9SBMCZ","B07SDR33L2","B087WXSRQN","B07SD1D5RX","B087WPSN7N",,"Size","","Color","B: Polka Dot Navy",,
"65","B08NTLPSP3","PRETTYGARDEN","Clothing, Shoes & Jewelry › Women › Clothing › Dresses",,,,,,,,,,,,,"true",,"$","30.99",,"$","34.99",,,"13858","/PRETTYGARDEN-Ladies-Crewneck-Belted-Pockets/product-reviews/B08NTLPSP3/ref=cm_cr_dp_d_show_all_btm?ie=UTF8&reviewerType=all_reviews",,,"4.3",,"https://m.media-amazon.com/images/I/51+1jaOq20L._AC_SY445_SX342_.jpg","PRETTYGARDEN Women's Summer Short Sleeve Crewneck Striped Dress Basic Solid Tie Waist Office T Shirt Dresses Pockets","https://www.amazon.com/dp/B08NTLPSP3","B07YZ7BT96","B07DNZB1HF","B07DP11HP4","B08KD4WLKT","B07DNZTLXB","B07YCDW5X4","B08KDKMNRW","B08KCTLMMS","B08KD2H6TW","B07DNZM687","B08KD4ND3W","B08KDNTYY4","B08KCZQT21","B092SLMF58","B08KDK3CXD","B08KDDDDC4","B08KD42XD2","B08KD3P6P9","B09WD837RC","B09WCZS7VG","B09WD3RCG7","B088JZS4HZ","B088JTF4Y4","B09VP7JD54","B09VP8SGLG","B09VP71VK1","B07DP1Z937","B088K1ZKS2","B092SLTBP3","B09WCXZNBV","B09VP6VTYW","B09VP735PD",,,,,,,,,,,,,,"Color","Black","Size","",,
"56","B0BB2VY59R","","Clothing, Shoes & Jewelry › Women › Clothing › Dresses › Casual",,,,,,,,,,,,,"true",,"$","25.99",,"$","31.99",,,"5180","/LookbookStore-Women-Casual-Crewneck-Sleeve/product-reviews/B0BB2VY59R/ref=cm_cr_dp_d_show_all_btm?ie=UTF8&reviewerType=all_reviews",,,"4",,"https://images-na.ssl-images-amazon.com/images/I/71G83IulR7L.__AC_SY445_SX342_QL70_ML2_.jpg","LookbookStore Women Casual Crewneck Mesh Panel 3/4 Bell Sleeve Loose Tunic Dress","https://www.amazon.com/dp/B0BB2VY59R","B07R2D1W8W","B07SYJSCVW","B09L4FM3P2","B07R16K2W3","B0B1Q72WS7","B09LC4B35H","B09L47XX22","B083137G2T","B08K95958H","B096M32X5P","B09L4G4Z4G","B08312PWN2","B083137C19","B08YR565M5","B09H7LGBWK","B08YQH3KNN","B096M4YPJD","B0B23G7WBZ","B0B7JC2MJ7","B09GKVLQGY","B09LHS1B8T","B096M3F6S6","B0B23WWFVL","B09LC9GMZS","B09H7KTTR5","B09L3Q6N26","B0B6BM1Z4V","B0B23NSTBZ","B09GKPQYLG","B09GKQRT47","B09L3Z8YH2","B09V2XD9JS","B09TWHWW8S",,,,,,,,,,,,,"Size","","Color","Black",,
"96","B091DYF835","","Clothing, Shoes & Jewelry › Women › Clothing › Dresses › Casual",,,,,,,,,,,,,"true",,"$","31.17",,"$","39.99",,,"17368","/Dokotoo-Womens-Spring-Summer-Ruffle/product-reviews/B091DYF835/ref=cm_cr_dp_d_show_all_btm?ie=UTF8&reviewerType=all_reviews",,,"4.1",,"https://images-na.ssl-images-amazon.com/images/I/712QS0AS51L.__AC_SX342_SY445_QL70_FMwebp_.jpg","Dokotoo Womens 2022 Fall Summer Deep V Neck Ruffle Long Sleeve Floral Print Mini Dress","https://www.amazon.com/dp/B091DYF835","B09TPKB5WJ","B09TPGK2HY","B09TPJLLD5","B09TPG532L","B09TPDN7VW","B09TPD3KG7","B09WY83LLP","B09WY1H5YJ","B0B7NGCPT2","B0B7NBWML1","B0B7NDKJ7B","B0B7NG9VTY","B0B7NBNCF3","B0B54WX2B1","B07XKXD6WG","B08DFZGT2C","B0BBCGQ63Z","B09TPFKJVF","B0BBCGXC7K","B0B93LB51R","B0BBCFHCVZ","B0BBCFQ52N","B0BBCCX9FS","B0BBCDDTFX","B0BBCG8N1J","B08DFYXPQY","B0BBCFG9PF","B08DFYBXVT","B09N92DHRH","B09N8VHTL8","B08ZD4J4V9","B08ZD674VR",,,,,,,,,,,,,,"Color","Solid Green","Size","",,
"39","B07QXZM9S2","Zilcremo","Clothing, Shoes & Jewelry › Women › Clothing › Tops, Tees & Blouses › Tunics",,,,"Button closure","Hand Wash Only","【SIZE】: Don't judge our cloth by Amazon size chart,the denim dress is regular US size,if you want more loose fit,please choose one size up.","【FEATURES】:long sleeve denim dresses for women,you can regard it as button down tunic dress or long denim top,tassels design both in sleeve hem and bottom hem,midi shirt dress,loose fit,soft and breathable denim material,can be worn as jean tunic tops and tunic dresses for women and girls.","【PAIR TIPS】: This jean dress is definitely ideal to pair with leggings or directly with sneakers,sandals,high heels or boots for a stylish looking.","【OCCASIONS】: Casual daily wear,home wear,street wear,holiday,vacation,party,outdoor,leisure time,work,school anywhere and anytime.","【WASHING TIPS】:Hand Wash/Cold Water/Do Not Bleach/Hang Dry.",,,"true",,"$","35.99",,"$","38.99",,,"5665","/Zilcremo-Dresses-Sleeve-Casual-Tassels/product-reviews/B07QXZM9S2/ref=cm_cr_dp_d_show_all_btm?ie=UTF8&reviewerType=all_reviews",,,"4",,"https://images-na.ssl-images-amazon.com/images/I/71j0OYPqQsL.__AC_SX342_SY445_QL70_FMwebp_.jpg","Women Denim Shirt Dresses Long Sleeve Distressed Jean Dress Button Down Casual Tunic Top","https://www.amazon.com/dp/B07QXZM9S2","B07R2C6DXJ","B09F5J5HKF","B07QXYC7MS","B07R15NWXL","B084MD69YH",,,,,,,,,,,,,,,,,,,,,,,,,,,,,,,,,,,,,,,,,"Size","","Color","Lightblue",,
"58","B08NTN1FXK","PRETTYGARDEN","Clothing, Shoes & Jewelry › Women › Clothing › Dresses › Club & Night Out",,,,,,,,,,,,,"true",,"$","24.99",,"$","34.99",,,"11423","/PRETTYGARDEN-Womens-Casual-Bodycon-Pockets/product-reviews/B08NTN1FXK?reviewerType=all_reviews",,,"4.1",,"https://images-na.ssl-images-amazon.com/images/I/51xTZgbZdjL.__AC_SX342_SY445_QL70_FMwebp_.jpg","PRETTYGARDEN Women's Casual Long Sleeve Party Bodycon Sheath Belted Dress with Pockets","https://www.amazon.com/dp/B08NTN1FXK","B07FVTLX71","B07FVJ7X8H","B08KD9T5C1","B07FVNH93L","B07YCDJJ61","B08KD1RPQV","B08KDFJYY6","B08KDBHNVN","B08KDHH5D3","B08KD4TWYJ","B08KD2639C","B08KD1SFYD","B08KD55Y5L","B08GYZ5ZVV","B08GYZHN1K","B08GYYJMW6","B08GYYBN6Y","B07YJLDTDP","B08GZ16WWS","B07YJLFL6F","B08GYZQXMG","B07FVR79KX","B07FW2F15Z",,,,,,,,,,,,,,,,,,,,,,,"Color","Black","Size","",,
"46","B07C6MR2NQ","Kormei","Clothing, Shoes & Jewelry › Women › Clothing › Dresses › Casual",,,,,,,,,,,,,"true",,"$","19.99",,"$","36.99",,,"8745","/Kormei-Womens-Sleeve-Floral-V-Neck/product-reviews/B07C6MR2NQ?reviewerType=all_reviews",,,"4.1",,"https://images-na.ssl-images-amazon.com/images/I/81UpSbS4KpL.__AC_SX342_SY445_QL70_FMwebp_.jpg","Kormei Womens Short Sleeve Floral High Low V-Neck Flowy Party Long Maxi Dress","https://www.amazon.com/dp/B07C6MR2NQ","B07C6YQMGH","B083BB7BLX","B08L4NLR8Q","B07J66HQQ3","B07VKJ6CJQ","B07CG65J5K","B09TT1KXRZ","B09WYJQRKX","B07PLTZ8CD","B07RN82HFN","B083ZRYV7B","B09TT4GDDK","B08L4KSXYH","B0BD7J8NQS","B08JTWS9JV","B09D3NVV3L","B09D3LHMPJ","B08HYNR9DL","B0BD7NCMLN","B0B9RQWN1V","B09DPYMF3N","B0BD7NRZXR","B08HYNMVLV","B09KGZ5BT8","B094CGMLVR","B08L4NLX8M","B08L4KWBKT","B08HYP42PP","B0B9RWKCTG","B08JSBVSF3","B08L4MTH1M","B093BV9JF1","B08VN7MJH1","B09VG9CYBL","B09BFVZ9TZ","B09W496CP1","B09VG9CLWL","B09YH6FCSX","B09YH6NC3X","B083B8JZ5D","B0856W7J3X","B0856X678J","B07D3SNRH5","B09TB5CJ3S",,"Size","","Color","0 Black&red",,
"68","B07G5YS8XX","Berydress","Clothing, Shoes & Jewelry › Women › Clothing › Dresses › Work",,,,,,,,,,,,,"true",,"$","25.9",,"$","31.9",,,"12559","/Berydress-Womens-Classic-Sleeve-Sheath/product-reviews/B07G5YS8XX/ref=cm_cr_dp_d_show_all_btm?ie=UTF8&reviewerType=all_reviews",,,"4.2",,"https://images-na.ssl-images-amazon.com/images/I/61cHRQEgabL.__AC_SX342_SY445_QL70_ML2_.jpg","Berydress Women's Classic 3/4 Sleeve V Neck Sheath Casual Party Work Faux Black Wrap Dress","https://www.amazon.com/dp/B07G5YS8XX","B07GV56H5M","B07G5WKYHD","B08FY2HN94","B07S2QQ37D","B09C5CCX2R","B08HLQTK95","B09H48LMN1","B07G5WKCGZ","B07SLR924G","B09DK5XHGC","B09L4HTPT8","B07KQSQX4Z","B09F2Y67QZ","B09C5CLS17","B07H63RDTG","B07GV4Q5J6","B07XQ67PDQ","B08FY29S9R","B08F3CP9GL","B07SHLDXGZ","B08J2FHVPB","B07S8WCYRN",,,,,,,,,,,,,,,,,,,,,,,,"Size","","Color","Black",,
"9","B09NVB9FBW","PRETTYGARDEN","Clothing, Shoes & Jewelry › Women › Clothing › Dresses › Club & Night Out",,,,"95% Polyester, 5% Elastane","Imported","STRETCHY & COZY MATERIAL: The Ruched Bodycon Dress Is Made Of Lightweight And Pleasant Material, Perfectly Fits To Your Body But Not Too Tight. The Mini Dress Offers You Ultimate Soft And Comfy Wearing Experience, Maintain Comfort While Showing Your Charm Curve. This Sleeveless Short Dress Is Advisable Decision For Summer.","FASHIONABLE DESIGN: Women One Shoulder Mini Dress/Sexy Ruched Bodycon Dress/High Waist Short Dresses/Solid Color Fitted Dress/Summer Sleeveless Dress For Women/Slny Cocktail Dresses/Party Dress For Women/Evening Dress For Women/Slim Fit Club Dress For Women/Skinny Fit Dress","FASCINATING RUCHED MINI DRESS ! The One Shoulder Mini Dress Has Six Solid Colors To Chose: Army Green Sleeveless Bodycon Dress/Black Off The Shoulder Ruched Dress/Pink High Waist Fitted Dresses/Lake Green Summer Club Dress/Sky Blue Short Party Dresses /Wine Red Ruched Cocktail Dress","A MUST-HAVE BODYCON DRESS ! This Mini Dress Is A One Shoulder Design, Greatly Reveals Yours Sleek Shoulder, Blooming Feminine Charm. The Ruched Bodycon Dress Is Tight-Fitness, Show Your Sexy Body Shape. This Fitted Short Dress With Ruched Style, Looks More Slim Fit From Visual. The Tight Summer Dress Is Solid Color, Simple And Generous Enough To Show Enchantment.","DELIACTE PARTY DRESS FOR YOU ! The Fitted Ruched Dress Can Match With Jewelry And High Heels For Chic Trendy Looks, Make You Eye-Catching In Crowd. This Dress Suits For Party, Club, Dating, Evening, Night Out, Prom, Semi Formal, Birthday, Christmas, Wedding, Cocktail, Pub, Etc.",,,"true",,"$","19.99",,"$","34.99",,,"585","/PRETTYGARDEN-Shoulder-Sleeveless-Cocktail-Bodycon/product-reviews/B09NVB9FBW/ref=cm_cr_dp_d_show_all_btm?ie=UTF8&reviewerType=all_reviews",,,"4.3",,"https://images-na.ssl-images-amazon.com/images/I/61xPlr0MieL.__AC_SX342_SY445_QL70_FMwebp_.jpg","PRETTYGARDEN Women's Ruched Mini Dress Sexy One Shoulder Sleeveless Party Cocktail Bodycon Short Dresses","https://www.amazon.com/dp/B09NVB9FBW","B09NVBRK5V","B09NVB8D75","B0B148VJ4V","B0B13W6CD6","B0B14H3H33","B09NVCPMP1","B0B14GJ53F","B09NVC43S6","B0B142L397","B09NVBX6LZ","B09NV9TLRQ",,,,,,,,,,,,,,,,,,,,,,,,,,,,,,,,,,,"Color","Black","Size","",,
"67","B07X5ZSZKS","BTFBM","Clothing, Shoes & Jewelry › Women › Clothing › Dresses › Club & Night Out",,,,"85% Polyester, 15% Rayon","Imported","Pull On closure","* Fashion Design - Womens Long Sleeve Dress , Casual Ruched Dress , Ruched , Front Drawstring , Crew Neck , Long Sleeve , Bodycon , Slim Fit , Solid Color , Short-Length , Short-Dress , for Ladies , for Spring / Fall / Winter , Fashion , Modern , Unique Design , Size S to XL","* Color Options - Solid Color Series: 1. White Casual Dresses For Women; 2. Black Bodycon Dresses; 3. Navy Womens Solid Color Dress; 4. Blue Long Sleeve Bodycon Short Dress; 5. Grey Casual Dresses for Women; 6. Army Green Long Sleeve Fitted Dresses for Women; 7. Dark Green Ruched Dresses for Women; 8. Dark Khaki Clubbing Dress; 9. Wine Red Tight Dresses; Mottled Color Series: 1. Mottled Black Grey Bodycon Dress; 2. Mottled Rose Red Ruched Dress","* The Short Dress Delights with Feminine Slim Fit Design. Classic Details Such As the Simple Round Neck, Long Sleeve and a Figure-Hugging Cut Flatter Your Silhouette. Also the Dress Features with Chic Ruched Design Completes the Look of Fashion Short Dress","* This Women Dress Emphasize Your Silhouette Charmingly with Bodycon and Comfortable Shirt Quality which Ensures the Dress Won't See Through, Stretchy Fabric Easy Dress Up and Down, Ruched Makes the Dress Unique. Whether worn on the day or evening: Combine With Appropriate Accessories, Suitable for All Occasions: Work, Office, Professional, Daily, Dating, Hang Out, Party, Cocktail, Club, Vernissage, Vacation, Holiday, Travel, Fashion Streetwear","* This Dress With Its Beautiful Design Is A Real Eye-Catcher That Cuts A Good Figure On Many Occasions. Thanks To Its Figure-Hugging Cut And The Irregular Side Ruched, It Skilfully Stages Your Silhouette And Conceals At The Same Time Cleverly. A Visually Stretching Faux Wrap Front Will Make You Look Slender And Taller. Beautiful Accessories, Well-Groomed Shoes And The Right Bag Complete Your Outfit. It Will Impress With Its Clear Lines And Perfect Chic",,"true",,"$","25.99",,"$","34.99",,,"12011","/BTFBM-Fashion-Elegant-Bodycon-Drawstring/product-reviews/B07X5ZSZKS/ref=cm_cr_dp_d_show_all_btm?ie=UTF8&reviewerType=all_reviews",,,"4",,"https://images-na.ssl-images-amazon.com/images/I/71QBO9DHnPL.__AC_SX342_SY445_QL70_FMwebp_.jpg","BTFBM Women Fashion Ruched Elegant Bodycon Long Sleeve Wrap Front Solid Color Casual Basic Fitted Short Dresses","https://www.amazon.com/dp/B07X5ZSZKS","B07YQJ3DWG","B07X5527PK","B07X1XRQ8Z","B08K92QMDS","B08K94R8HV","B08K91MD8W","B095K2QRDJ","B095K1Q2TC","B095K4JCVV","B07YQHWTVV","B08K922L4M","B07YQHVC5F","B095K2HBMT","B07X5XXBWF","B08K92WQGQ","B08K934Q93","B095K3ZPNR","B08K94JWLJ","B095K3MTJY","B095K2QLJH","B095NW1TGC","B07X551ZQR","B095JYBNKV","B08K9392VC","B08K94XZD1","B08K92TJGW","B08K936GT8","B08JPL2GF3","B08JPH62YK","B07X5TXJ7X","B07YQJPMPB",,,,,,,,,,,,,,,"Color","Black","Size","",,
,"B0BDDYRGQR","Wkior","",,,,,,,,,,,,,"true",,"$","17.99",,"$","38.99",,,"379","/Wkior-Sleeves-Casual-Summer-Dresses/product-reviews/B0BDDYRGQR?reviewerType=all_reviews",,,"4",,"https://images-na.ssl-images-amazon.com/images/I/51fBtulz3PL.__AC_SX342_SY445_QL70_FMwebp_.jpg","Wkior Shift Dress for Women V Neck Short Sleeves Solid Color Casual Summer Dresses(S-2XL)","https://www.amazon.com/dp/B0BDDYRGQR","B09T981QCG","B09T8WM5TT","B09T8W26WF","B09T9329DS","B09XQ23MX9","B09XQRH1X7","B09XQP2JV7","B0BCFS185C","B0BCFVSHH9","B0BCG1CVMW","B0BCFVR3J3","B0B9S8JWSF","B0B9S7XPYY","B0B9S7BKMT","B0B9S8Q149","B0B9S8GP8P","B0B1MBRTWD","B0B1MC6FGZ","B0B1MC8GJD","B0B1MCBKQH","B0B8HJNL5B","B0B8HL7Q6V","B0B8HMD439","B09QKHGR72","B0B1MBCFGF","B0B1MC6MS5","B0B1MFD361","B0B1MD75DS","B09QKGSXB5","B09QKFCQ3Q","B0B3HVB9XR","B09SW3Q91P","B09SW3MXWN","B09SW4QQX8","B0B1M9D7TB","B0B1MC54D7","B09QKF7Q1V","B0B1MBHDXT","B0B1M98FMH",,,,,,,"Color","A-black","Size","",,
"10","B096BMKHG1","Manydress","Clothing, Shoes & Jewelry › Women › Clothing › Dresses",,,,,,,,,,,,,"true",,"$","33.99",,"$","35.99",,,"3382","/Manydress-Bodycon-Sleeveless-Cocktail-Dresses/product-reviews/B096BMKHG1?reviewerType=all_reviews",,,"4.2",,"https://images-na.ssl-images-amazon.com/images/I/61YaabmlDHL.__AC_SX342_SY445_QL70_FMwebp_.jpg","Manydress Women's Bodycon Sleeveless Deep V Neck Summer Dress Wrap Ruched Cocktail Party Mini Dresses MY062","https://www.amazon.com/dp/B096BMKHG1","B09L88LZ3Q","B09H2TP3GS","B085Y2DF37","B0B18DP991","B0B189W1H8","B09CPMTG7N","B09H2SLLQW","B097R97RDP","B097R8GJXR","B097RB7B54","B08KXKT373","B09H2SS9JK","B085Y2TQ9W","B0B18CND17","B08B3NT98D","B08L4HZW3H","B094FLDRZ8","B09CPNQ465","B099R79ZKZ","B08B3HT1YZ","B094MXGL85","B09L8BQ1S4","B09L88KK2F","B09L8BGWVP",,,,,,,,,,,,,,,,,,,,,,"Color","Black","Size","",,
"54","B07S1QV2XZ","BELONGSCI","Clothing, Shoes & Jewelry › Women › Clothing › Dresses › Casual",,,,,,,,,,,,,"true",,"$","25.89",,"$","36.99",,,"4323","/BELONGSCI-Sleeveless-Racerback-Flared-Hollow/product-reviews/B07S1QV2XZ?reviewerType=all_reviews",,,"4.2",,"https://images-na.ssl-images-amazon.com/images/I/41rHYNmclkL.__AC_SY445_SX342_QL70_FMwebp_.jpg","BELONGSCI Women Sweet and Cute Sleeveless Racerback Flared Swing A-Line Waist Hollow Out Summer Short Dress","https://www.amazon.com/dp/B07S1QV2XZ","B09K596LJJ","B09XHX9HTP","B09K5B2R4R","B09K5B4C55","B09XHXWHV5","B09ZYC5XGG","B09ZYB33W9","B09ZY9ZVXN","B09ZYBQZ21","B09ZYCNNYM","B09ZYB9HMQ","B09ZYC1X8M","B09ZYBTWPW","B09ZYD7XN5","B09ZYCD7NR","B09ZYCHZKT","B09ZYDJYR5","B09ZYD9V5W","B09ZYBQR2X","B09ZYBVH7F","B09ZYC2QS6","B09ZYGFH8K","B07J68JR5P","B094FDC7DN","B09MZ62M76","B09M83Q91X","B09M813NHQ","B097ZNWYJX","B097ZP83DY","B07Y7YJSZ7","B097ZNN7DJ","B097ZNLVLS","B097ZND2CV","B09MZ4KZH3","B094FDLDZK","B07WTKTBXD","B094F7VZMV","B09MZ4Y253","B09MZ4MSPM","B09MZ4F65N","B097ZNZMQD","B094FCHP9X","B07WRFB18T","B07Y7Y32JC","B09MZ3NV58","Color","Black","Size","",,
"55","B08HCS961Y","DouBCQ","Clothing, Shoes & Jewelry › Women › Clothing › Dresses",,,,,,,,,,,,,"true",,"$","24.99",,"$","37.99",,,"11790","/DouBCQ-Womens-Pleated-Dresses-Pockets/product-reviews/B08HCS961Y/ref=cm_cr_dp_d_show_all_btm?ie=UTF8&reviewerType=all_reviews",,,"4.3",,"https://images-na.ssl-images-amazon.com/images/I/71aztWetnkL.__AC_SX342_SY445_QL70_FMwebp_.jpg","DouBCQ Women's Casual Flowy Pleated Loose Dresses with Pockets","https://www.amazon.com/dp/B08HCS961Y","B08PFTR3H7","B08Q796T6S","B08PFVQ1J7","B08ZC7FFHT","B08PFTMLLF","B094QGT9BP","B08PFS3NV2","B08PFSNDLM","B08PFT42SV","B08PFTMZRP","B08ZCXWSZB","B09PMLJK4P","B09PMDP7KM","B08PFTZFBP","B08ZCWHWNB","B09XX6WFNN","B08ZCVKR45","B094QKP39T","B094VHDLQP","B094QK3G21","B08PFTBK1K","B094CDPZDD","B09PMDLZBW","B08ZD2GCR1","B08PFVKHC6","B09PMMT1XH","B09WKB9719","B09Y5H7WSP","B09PM8R1CM","B09PMX36HH",,,,,,,,,,,,,,,,"Fit Type","Short Sleeve","Size","","Color","Black"
"57","B094Z72KTW","","Clothing, Shoes & Jewelry › Women › Clothing › Dresses",,,,"65% Polyester, 30% Rayon, 5% Spandex","Elastic closure","Polka dots print fabric: Stiff enough to hold shape across chest, stretchy but not as clingy, no shrinkage after washing;","Modest style, knee length, cover the imperfection of the thigh, more freedom when cycling or outdoor activities;","Empire waist clever tailoring, hide belly, flatter figure, and has a elastic band, comfortabel and fit; Blends perfectly with most belts, making the dress not just casual style, easy dress up or down;","Swing pleated flare skirt, curved hemline(the high on sides and long in the middle),let's dance to the rhythm of the music;","Hidden side slit pockets, easy to put hands in, the depth is very comfortable;",,,"true",,"$","35.99",,"$","45.99",,,"6458","/Simier-Fariry-Womens-Teacher-Pockets/product-reviews/B094Z72KTW/ref=cm_cr_dp_d_show_all_btm?ie=UTF8&reviewerType=all_reviews",,,"4.3",,"https://images-na.ssl-images-amazon.com/images/I/71CPEtbJaIL.__AC_SX342_SY445_QL70_ML2_.jpg","Simier Fariry Womens Comfy Midi Casual Dress with Pockets Free Life Series","https://www.amazon.com/dp/B094Z72KTW","B07FKJ5RM2","B07D1JN7NX","B095C4DBPP","B07FKNC3Z1","B095BSB9R7","B09PHFNXJN","B0B2NBLP7R","B09KTGMY3C","B09ZVG3YM3","B09ZVFDY25","B0B29LTL7P","B0B29KGVWW","B09PHF75Z4","B09PHDHNDZ","B09NRX32HM","B09NRW8B11","B09NRVS5MK","B09NRSLJR9","B09NJC23R9","B09Y8X2Y2G","B09Y8ZGH4V","B09PG14R94","B09PG1YXNB","B0B4G54PGB","B0B4G5Q2D3","B0B4G52FJH","B08TWN85NW","B0B4G4RSD9","B09PG2R14N","B095XBRDXK","B08TWM2G7H","B095BY2BKB","B08ZDT1621","B09PGNK4KS","B09PGL9WST","B0966G9L1N","B098989DXQ","B09PGMRVT2","B0B39LM7N9","B088R7T8YN","B09KHM629S","B08ZDS8XGJ","B09PHCZFJG","B09PFYS5X7","B09PG1QXLJ","Color","Solid-black","Size","",,
"19","B084VGTVGY","ROMWE","Clothing, Shoes & Jewelry › Women › Clothing › Dresses › Casual",,,,,,,,,,,,,"true",,"$","25.99",,"$","31.99",,,"5115","/Romwe-Womens-Short-Sleeve-Summer/product-reviews/B084VGTVGY/ref=cm_cr_dp_d_show_all_btm?ie=UTF8&reviewerType=all_reviews",,,"3.8",,"https://images-na.ssl-images-amazon.com/images/I/71cjfZ8n5EL.__AC_SX342_SY445_QL70_FMwebp_.jpg","Romwe Women's Short Sleeve V Neck All Over Print High Waist A Line Summer Short Dress","https://www.amazon.com/dp/B084VGTVGY","B0B291PGWF","B084VH98MK","B09VT3ZZ65","B09V2D8W6P","B08DHFFPC4","B0B1TDBN8C","B08F2FL2Z2","B092M51DP3","B092M5WV62","B09711VZT4","B09YLMCNF6","B089D7PCM9","B09VT2NM6K","B09PTHRKBD","B092M6NXZ8","B092M4V6SK","B0B291RM3G","B08DHJ9VW1","B089D73JXW","B09VT57J1J","B092M4WQVC","B0B1T5KNK9","B09VT4Q2Z2","B09QLX5F9B","B08F1VL4SR","B09PTCPYPP","B092M4NGX1","B0B3R8M96L","B0B1TPPWDT","B09WDQ5HK6","B09498JQVF",,,,,,,,,,,,,,,"Size","","Color","Khaki Allover Print",,
"21","B08S6XD54W","","",,,,"100% Cotton","Pull On closure","Material:100% Organic Cotton. Weight:200GSM.Soft and NO see through.It's good cotton material with Frayed Edges and Crinkle Fabrication design, please check the detail photos and videos before order.","Features:Long Sleeve,Side Pockets,Frayed Edges,Crinkle Fabrication,Front Button Closure,Metal buttons,V-Neck. It Has 9 Buttons and only 7 Button Holes, 2 Metal buttons for Decoration.It can be a tunic shirt dress or even a light weight summer cadigan and shacket.","Size suggestion:IF Between size, Order your usual size for OVERSIZED fit, Or one size DOWN for casual fit. Good for work and the weekend,dress up or down.Perfect fit with Jean or Legging.","The extra length on our Cotton Pocketed Button Down Tunic makes it perfect as a dress or layer over shorts! You can use it as a tunics with short jeans, as a dress with leggings, or even go to the beach as swimsuit cover.","Cut with a relaxed fit, long sleeves and a button down front, this crinkly tunic is effortless and lightweight. Side pockets and frayed edges finish it off with a casual feel!",,,"true",,,,,"$","38.99",,,"3174","/iGENJUN-Womens-Sleeve-Dresses-Pockets/product-reviews/B08S6XD54W/ref=cm_cr_dp_d_show_all_btm?ie=UTF8&reviewerType=all_reviews",,,"3.7",,"https://images-na.ssl-images-amazon.com/images/I/615LbO3-33L.__AC_SX342_SY445_QL70_FMwebp_.jpg","iGENJUN Women's Long Sleeve Button Down Oversized Tunic Dress Shirt Boho Dresses with Pockets","https://www.amazon.com/dp/B08S6XD54W","B08S74DVCF","B08S7DNXZ9","B095KB1Z76","B0B1ZT67RF","B09NR1C4DG","B09NR2J54B","B0B4Z76W9G","B0B6Z7LTTN","B095KBDHS4","B0B6Z87XSG","B09WJYXKTM","B08Y6RSMVN","B0BBZV9B3S","B0BBZRXWLW","B097B2PJ6D","B08S6RT3XL","B08S7HVH2N","B09WTWM2MW","B08S6MH3JC",,,,,,,,,,,,,,,,,,,,,,,,,,,"Size","","Color","White",,
"26","B07QHJDR3N","Zilcremo","Clothing, Shoes & Jewelry › Women › Clothing › Tops, Tees & Blouses › Blouses & Button-Down Shirts",,,,,,,,,,,,,"true",,"$","35.99",,"$","38.99",,,"5539","/Women-Button-Washed-Sleeve-Blouses/product-reviews/B07QHJDR3N/ref=cm_cr_dp_d_show_all_btm?ie=UTF8&reviewerType=all_reviews",,,"3.9",,"https://images-na.ssl-images-amazon.com/images/I/61fQPadmHRL.__AC_SY445_SX342_QL70_FMwebp_.jpg","Women Denim Shirt Dresses Short Sleeve Distressed Jean Dress Button Down Casual Tunic Top","https://www.amazon.com/dp/B07QHJDR3N","B0928X2SLN","B088MHBFG8","B07QHLTK4Z","B09Y8X13CP","B09FJL5SYY","B0928SF6LX","B08G8JGXYG",,,,,,,,,,,,,,,,,,,,,,,,,,,,,,,,,,,,,,,"Size","","Color","Navy",,
"8","B097GSGX6P","Zattcas","Clothing, Shoes & Jewelry › Women › Clothing › Dresses › Casual",,,,,,,,,,,,,"true",,"$","33.99",,"$","34.99",,,"1642","/Zattcas-Sleeve-Ribbed-Modest-Pockets/product-reviews/B097GSGX6P/ref=cm_cr_dp_d_show_all_btm?ie=UTF8&reviewerType=all_reviews",,,"4.3",,"https://m.media-amazon.com/images/I/71B+T9i7J6L._AC_SY445_SX342_.jpg","Zattcas Women Long Sleeve Ribbed Midi Dress Modest Casual Work Dress with Pockets","https://www.amazon.com/dp/B097GSGX6P","B09Q2TSZZ7","B0B87F9XQM","B0B87FL8KC","B0B87GW4YL","B09JS1GJ24","B0B87GS3S2","B09VGMJSVH","B09Q2TV9ZS","B09XWXTC2Q","B097GNTPDB","B097GQF4QR","B09XWZCKN7","B09VGM9Z1L","B09XWM22M7","B097GKWDHX","B0BBZ8GB2L","B0BD3WHK2Z","B0BBZG6R5S","B0B87F9W39","B0BD3PS2Z7","B09XWGKRLD",,,,,,,,,,,,,,,,,,,,,,,,,"Size","","Color","F-black T",,
"30","B092PYTMDH","LYANER","Clothing, Shoes & Jewelry › Women › Clothing › Dresses",,"Size Measurement:   X-Small: Bust: 76 cm/30-86 cm/33.75"", Waist: 64 cm/25.25-68 cm/26.75"", Hips: 90 cm/35.5"", Length: 100 cm/39.25"",   Small: Bust: 80 cm/31.5-90 cm/35.5"", Waist: 68 cm/26.75-72 cm/28.25"", Hips: 94 cm/37"", Length: 101 cm/39.75"",   Medium: Bust: 84 cm/33-94 cm/37"", Waist: 72 cm/28.25-76 cm/30"", Hips: 98 cm/38.5"", Length: 102 cm/40.25"",   Large: Bust: 88 cm/34.75-98 cm/38.5"", Waist: 76 cm/30-80 cm/31.5"", Hips: 102 cm/40.25"", Length: 103 cm/40.5",,,,,,,,,,,"true",,"$","33.99",,"$","35.99",,,"4743","/LYANER-Womens-Spaghetti-Cocktail-Dresses/product-reviews/B092PYTMDH/ref=cm_cr_dp_d_show_all_btm?ie=UTF8&reviewerType=all_reviews",,,"4.2",,"https://images-na.ssl-images-amazon.com/images/I/61w86yDJoZL.__AC_SX342_SY445_QL70_ML2_.jpg","LYANER Women's Satin Spaghetti Straps Cowl Neck Sexy Ruch Cocktail Midi Dresses","https://www.amazon.com/dp/B092PYTMDH","B0963PFQ27","B0963QQ4RC","B09B6WNGXK","B09KXM1D6C","B092Q499GN","B09Y2W1B1M","B09B52M7YD","B09Y2WB3LD","B09Y2VV9MT","B09Y2WJ7NL","B09FF9QQQ6","B09FFC3B2D","B09GKKTSLY","B09GKKLHR3","B09Y2WC746","B09WRGX6D8","B09FF9ZRZP","B09GKKT1ZH","B09D8914YV","B09L4XX1S3","B09D899DYZ","B09D89XQXL","B09B4KG9SS","B09D8DBLZF","B09L4WB2FJ","B09WRHKBGQ","B09L4WGJ3T","B09B4PKX3T","B09B4LSMQK","B09L4WHZK8","B09FF7VMNC","B09FF998VH",,,,,,,,,,,,,,"Size","","Color","Brown",,
"20","B094XRGYT6","LYANER","Clothing, Shoes & Jewelry › Women › Clothing › Dresses › Club & Night Out",,,,,,,,,,,,,"true",,"$","32.99",,"$","35.99",,,"2704","/LYANER-Womens-Shoulder-Sleeveless-Bodycon/product-reviews/B094XRGYT6/ref=cm_cr_dp_d_show_all_btm?ie=UTF8&reviewerType=all_reviews",,,"4.2",,"https://m.media-amazon.com/images/I/71cYNt2+VTS._AC_SY445_SX342_.jpg","LYANER Women's Sexy One Shoulder Ruched Sleeveless Bodycon Mini Short Dress","https://www.amazon.com/dp/B094XRGYT6","B09BB4M6GW","B0973296V9","B098J96ZGL","B094X6SGTN","B09BB63MY1","B0972ZLDQM","B09BB4YMRM","B0972ZNF26","B09BB4V35D","B09G2XV78S","B09D7H1BFF","B09D744KNY","B0973296V5","B09G2ZF161","B09G2ZCY4L","B09G2YXJDZ","B09XM1VCBZ","B097314GMM","B09XM1L12Z","B0972Z5ZTB","B0972YZZL5","B09BB6KSDS","B09XLZVGS1","B09BB5H3L3","B09D781LJW","B0972Z4MJ3","B09D76GF1S","B09G2XLR82",,,,,,,,,,,,,,,,,,"Size","","Color","Black",,
,"B097T4T5F3","Floerns","Clothing, Shoes & Jewelry › Women › Clothing › Dresses › Club & Night Out",,,,,,,,,,,,,"true",,"$","29.99",,"$","36.99",,,"254","/Floerns-Womens-Twisted-Plunging-Party/product-reviews/B097T4T5F3/ref=cm_cr_dp_d_show_all_btm?ie=UTF8&reviewerType=all_reviews",,,"3.8",,"https://images-na.ssl-images-amazon.com/images/I/61lPR14QjpL.__AC_SX342_SY445_QL70_ML2_.jpg","Floerns Women's Deep V Neck Twisted Plunging High Slit Mini Party Dress","https://www.amazon.com/dp/B097T4T5F3","B09N3F6H6F","B0B1Q84N3H","B09S369G35","B0BBVL9JXW","B0B1Q6K4X4","B09S3P4NDM","B0B1Q8T87P","B0B1Q8ZD13","B0B1Q8WDS4","B09S31QX2W","B09S2ZGQKM",,,,,,,,,,,,,,,,,,,,,,,,,,,,,,,,,,,"Size","","Color","A Black Solid",,
"121","B09M6HCZ26","","Clothing, Shoes & Jewelry › Women › Clothing › Dresses",,,,"95% Rayon, 5% Spandex","Elastic closure","Long enough blouson midi dress, work casual style, modest and flattering.","Hide belly, look beauty: Elastic waistband with adjustable tie, very comfy, easily control waist size and adjust waist line position.","Hidden deep pocket: Deep enough to hold small things like mobile phones and car keys; Cleverly hidden inside the skirt, which is practical and does not affect the beauty.","Sides slit hem, More freedom of action, more comfortable life.","Easy dress up and down, the work casual dress can be competent for more life occasions: church, travel, work, graduation, school teacher, picnic, etc;",,,"true",,"$","26.59",,"$","49.99",,,"10329","/Simier-Fariry-Womens-Soft/product-reviews/B09M6HCZ26/ref=cm_cr_dp_d_show_all_btm?ie=UTF8&reviewerType=all_reviews",,,"4.1",,"https://images-na.ssl-images-amazon.com/images/I/71XePbHKSbL.__AC_SX342_SY445_QL70_FMwebp_.jpg","Simier Fariry Womens Hide Belly Mid Length Work Casual Dress with Pockets","https://www.amazon.com/dp/B09M6HCZ26","B07S3SBY7M","B0B4G1XCGK","B07Q2PZSJ6","B09YYX1JWR","B07Q2V1JDN","B07S1MR3TC","B07RZK2HCQ","B09PKFGK1R","B0B3FBKVHV","B0B14X2G4G","B09YWS7K6P","B0B2PFDWVZ","B0B2PGBC3B","B0B4FXSGSB","B08Z3SFPL2","B091PKWBXF","B07R1HM7NG","B07Q2SKY3C","B0B4RW7LLL","B094J911HK","B09XQB4WJ3","B09XQ2HC1N","B094DNRB4Z","B094DP7XJY","B09LHZMMFN","B095STY6NW","B09PKDKSLV","B091V2ZMJX","B0834XC9Q5","B07SMF38VY","B07SNJ17CS","B07SMFB68V","B08SJ5D5RY","B0B4G1KNCT","B08SHSL9NK","B093LRN8VC","B08SHLF45P","B0B4G27FDD","B07RTWSW3D","B0953YMLV4","B0944DNSYF","B0B2WYXR9W","B07SL9WY3J","B0937DFY6L","B07WVYK4JS","Size","","Color","Solid Black",,
"62","B09577X85P","ANRABESS","Clothing, Shoes & Jewelry › Women › Clothing › Dresses",,,,,,,,,,,,,"true",,,,,"$","34.99",,,"15870","/ANRABESS-Sundress-Sleeveless-Dresses-Pockets/product-reviews/B09577X85P?reviewerType=all_reviews",,,"4.3",,"https://images-na.ssl-images-amazon.com/images/I/51sVinVyoJL.__AC_SX342_SY445_QL70_FMwebp_.jpg","ANRABESS Women's Casual Loose Sundress Long Dress Sleeveless Split Maxi Dresses Summer Beach Dress with Pockets","https://www.amazon.com/dp/B09577X85P","B09WGYPVKR","B0947VJ323","B09WGLLJVS","B0948NZ6XH","B0919PCB6C","B093NYL7SD","B08B81N5JN","B08B7YC79Y","B08B7NHMTB","B07SHGN893","B09TFL2BV6","B0947V82W6","B09WGX392V","B09WGXNX8Z","B07VY3NM1Q","B09TFGJLKX","B07W4TQFVJ","B07SJFD5F3","B09TFKFS98","B09WH22X6K","B09WHDM2ZH","B0947VQ7TQ","B09484FP79","B08ZSDVX2F","B08GHMF5SG","B0B14P3F2H","B0B14P9FGY","B08ZSG2LC2","B08B8845RW",,,,,,,,,,,,,,,,,"Color","02 Olive","Size","",,
"13","B07XJMVQJ6","Miusol","Clothing, Shoes & Jewelry › Women › Clothing › Dresses › Work",,,,,,,,,,,,,"true",,,,,"$","36.99",,,"3261","/Miusol-Womens-Retro-Ruffle-Pencil/product-reviews/B07XJMVQJ6/ref=cm_cr_dp_d_show_all_btm?ie=UTF8&reviewerType=all_reviews",,,"4.3",,"https://m.media-amazon.com/images/I/6117SY0gC+L._AC_SY445_SX342_.jpg","Miusol Women's Retro Ruffle Style Slim Work Pencil Dress","https://www.amazon.com/dp/B07XJMVQJ6","B07XNR9LM3","B08R59KQWR","B08R5YTPS9","B082HKM6H1","B09XJT2RP1","B07XNZCQ3C","B07XJMVLH4","B09K7B6VWS","B08R566XGY","B09CYLSQZ3","B095XT7QDY","B088F9KY36","B07XNVV4ZQ","B09XMFSGRV","B09VK4FT89","B09ZTKBVSJ","B09Z9X1TX6","B09ZTKJS98","B09VK1Y4VG",,,,,,,,,,,,,,,,,,,,,,,,,,,"Size","","Color","Black",,
"40","B07ZYLF1NW","GOBLES","Clothing, Shoes & Jewelry › Women › Clothing › Dresses",,,,"polyster+spandex","进口","Pull On closure","Material:polyster+spandex, very soft and stretchy, can hugs your figures like a glove, show your perfect shape.never worried about see through.","Style:off the shoulder and ruffles, we design a ruffle below the shoulders to make the dress elegant and sexy.the ruched midi dress can give people a layered look,the half back make you more attractive while promise not too exposed.","Suitable for: wedding, party, cocktail,club,birthday,dinner date, ceremony and any formal occasion","Stretch fabric,Size:S=USA 4-6;M=8-10;L=12-14;XL=14-16","Perfect after-sale service and hightest quality standard.",,"true",,"$","25.99",,"$","35.99",,,"6503","/GOBLES-Shoulder-Bodycon-Elegant-Cocktail/product-reviews/B07ZYLF1NW/ref=cm_cr_dp_d_show_all_btm?ie=UTF8&reviewerType=all_reviews",,,"4.1",,"https://images-na.ssl-images-amazon.com/images/I/51R0H5l0p9L.__AC_SX342_SY445_QL70_ML2_.jpg","GOBLES Women's Ruched Off Shoulder Short Sleeve Bodycon Midi Elegant Cocktail Party Dress","https://www.amazon.com/dp/B07ZYLF1NW","B07ZYLGQWR","B099Z61CWP","B0B4D3P9SY","B099YZYRFY","B0B11PCL75","B099ZK5SCJ","B09ZNHTV15","B0B11WR121","B09ZNVM93L","B07ZYL461X","B0B1236CHF","B09ZRJ8WNV","B09ZQW3LHC","B09ZQWT8TR",,,,,,,,,,,,,,,,,,,,,,,,,,,,,,,,"Color","Black","Size","",,
"104","B08N6FBTRM","HUSKARY","Clothing, Shoes & Jewelry › Women › Clothing › Dresses › Casual",,,,,,,,,,,,,"true",,"$","12.99",,"$","32.99",,,"21859","/HUSKARY-Womens-Summer-Casual-Pockets/product-reviews/B08N6FBTRM/ref=cm_cr_dp_d_show_all_btm?ie=UTF8&reviewerType=all_reviews",,,"4.2",,"https://images-na.ssl-images-amazon.com/images/I/61fNecNVVTL.__AC_SX342_SY445_QL70_ML2_.jpg","HUSKARY Women's Summer Maxi Dress Casual Loose Pockets Long Dress Short Sleeve Split","https://www.amazon.com/dp/B08N6FBTRM","B08N46DRDQ","B08N48MXWY","B07BGV9WW1","B08N6LRRZL","B08N4FHKTR","B08CB6461H","B08N6LL6L3","B0899TXDKW","B07RB59GG3","B0899TDSM5","B08N4CN88X","B08TM4BB54","B07VCNXD6B","B08N4FLZ24","B08N4N27YL","B0788HF2JW","B08TM9S76Y","B07BF7X8GH","B08TLVMYCY","B0899S7GP9","B0899TJDBQ","B08TM7ZMFN","B08N43V9L9","B07BGV5F46","B08TMJ69LB","B08TLXL5HB","B093WGKXK7","B09N77Y9LB","B08TMDH42R","B09N77KVZD","B09N77W67K","B09N78XSF7","B09N7BKYHY","B093WJFLVS","B09N78L5WD","B093WJ1SG2","B093WJB767","B09N79PTV7","B09N78TZQN","B08TLXPG47","B08TLZRWJ5","B09N797SK3",,,,"Color","Black 01","Size","",,
"122","B07GRM8BZT","Simple Flavor","Clothing, Shoes & Jewelry › Women › Clothing › Dresses › Formal",,,,,,,,,,,,,"true",,"$","28.99",,"$","33.99",,,"19183","/Simple-Flavor-Vintage-Elegant-Evening/product-reviews/B07GRM8BZT/ref=cm_cr_dp_d_show_all_btm?ie=UTF8&reviewerType=all_reviews",,,"4.1",,"https://images-na.ssl-images-amazon.com/images/I/71tOqSpSShL.__AC_SY445_SX342_QL70_ML2_.jpg","Simple Flavor Women's Floral Vintage Dress Elegant Midi Evening Dress 3/4 Sleeves","https://www.amazon.com/dp/B07GRM8BZT","B07VMXT7JZ","B07XP2P7DS","B085TFP2K7","B08R8XXGQX","B08R8W9S72","B08R8XTS8L","B08R8XZRWR","B09DVQVW2V","B09DVV1P3K","B09DVT9JP1","B09DVT9JD8","B09DVS2GLJ","B09DVSW28Q","B09XZZP7TF","B09Y8J27WF","B0B31F5CQ3","B09Y1FBQZ8","B0B5L2W78S","B07H9MMSJK","B07GRK8114","B07GRJLMRF","B07Q5XBSQP","B07QLPYT14","B09XZNWSFP","B09Y8FF315",,,,,,,,,,,,,,,,,,,,,"Color","Red","Size","",,
"145","B09M6VJY3F","Hotouch","Clothing, Shoes & Jewelry › Women › Shoes › Sandals › Flats",,,,,,,,,,,,,"true",,"$","21.59",,"$","35.99",,,"11946","/Hotouch-Womens-Petite-Plus-Soft/product-reviews/B09M6VJY3F/ref=cm_cr_dp_d_show_all_btm?ie=UTF8&reviewerType=all_reviews",,,"3.9",,"https://images-na.ssl-images-amazon.com/images/I/61sHRlYpMkL.__AC_SX342_SY445_QL70_FMwebp_.jpg","Hotouch Women's 3/4 Sleeve A-line and Flare Midi Long Dress","https://www.amazon.com/dp/B09M6VJY3F","B01KNY95EE","B09QKV3S3T","B01MYM0H7X","B0B14BFNJD","B09LHMBQ2M","B07SL3ZWBH","B01N4P929W","B09QKS46ZR","B07ZQDKPNM","B09LH64L8G","B09KGZ2Z83","B07YPRPWGX","B07VT4G4P5","B06Y4NR54W","B07YV1S7PV","B07VRC9RQ7","B08W25XF7L","B09XT22Q6X","B07XJ4RZML","B01KNY91FW","B08G8997N9","B09KH25X1V","B09QQ4241X","B082X78S19","B06XFY73NT","B07SK1632Q","B085L1K428",,,,,,,,,,,,,,,,,,,"Size","","Color","A-black",,
"142","B08B7VV8JP","BTFBM","Clothing, Shoes & Jewelry › Women › Clothing › Dresses › Club & Night Out",,,,,,,,,,,,,"true",,"$","22.99",,"$","32.99",,,"35233","/BTFBM-Casual-Sleeveless-Bodycon-Dresses/product-reviews/B08B7VV8JP/ref=cm_cr_dp_d_show_all_btm?ie=UTF8&reviewerType=all_reviews",,,"4.2",,"https://m.media-amazon.com/images/I/71MU++Vgg5L._AC_SY445_SX342_.jpg","BTFBM Women Casual Dress Crew Neck Ruched Summer Sleeveless Tank Bodycon Shirt Short Mini Dresses","https://www.amazon.com/dp/B08B7VV8JP","B095KCDVGV","B07MKC9FT2","B08CTZLFKQ","B095KBM13C","B08K9332F9","B095K97XWG","B095K9ZGXW","B08K8PHTKT","B08K91PNHF","B08K95YZX3","B08K9364CS","B08CTVNKK2","B08K92KZ1J","B092Q265B3","B092CW3H5V","B095K9WNLS","B07P5C84D6","B07P54FFDH","B092CVRDT8","B095KB8T9X","B095KB248L","B095KBL7KX","B095KBYGQ7","B08K92JVVK","B095KC7PQP","B095K9V6MW","B095KCS8DQ","B07MNFFFND","B07MNFL2Y1","B08CTXD6P2","B08K939H3S","B07NZMVHSN","B095KC5TNW","B07SZCFLPP","B08CTYLQTF","B08CTF17NX",,,,,,,,,,"Color","Black","Size","",,
"155","B07MC3S2G7","Verdusa","Clothing, Shoes & Jewelry › Women › Clothing › Dresses › Club & Night Out",,,,,,,,,,,,,"true",,"$","9.99",,"$","32.99",,,"9263","/Verdusa-Womens-Ruched-Asymmetrical-Bodycon/product-reviews/B07MC3S2G7/ref=cm_cr_dp_d_show_all_btm?ie=UTF8&reviewerType=all_reviews",,,"4.1",,"https://images-na.ssl-images-amazon.com/images/I/61B1tKCoTHL.__AC_SX342_SY445_QL70_FMwebp_.jpg","Verdusa Women's Sexy Ruched Side Asymmetrical V Neck Bodycon Cami Dress","https://www.amazon.com/dp/B07MC3S2G7","B07SGPHZC6","B08L4PCRVJ","B08Z3C9FF8","B07S8WS6K4","B08DX7GQ9F","B07MLWJTYD","B08MTBMFC9","B09YH8JLNL","B096MB3M7C","B091F4BCN5","B091611KQ2","B07VD58V2K","B09T2ND93J","B0915YR2FK","B091XYPG6Z","B09GM16SYT","B07V9MGDCT","B09YH8NKYX","B07WGSYYW1","B07SN2SCFG","B07MC3RQ53","B08GCFBKCG","B08NG3KFDR","B092ZFDHPC","B09T26KZK1","B09CTQRBQL","B09MYZNKDD","B08GC6L1G4","B09GLYQVJM","B09MYZVWVF","B091TNBXLN","B09GLZ86WJ","B08MTM88S2","B08GC8LZC7","B094V5T2YT","B09MZ22QVS","B08X68BM3N","B08MTP1C4B",,,,,,,,"Size","","Color","Black",,
"27","B07RJN8752","","Clothing, Shoes & Jewelry › Women › Clothing › Dresses › Formal",,,,,,,,,,,,,"true",,"$","24.79",,"$","43.99",,,"4543","/JASAMBAC-Womens-Shoulder-Pockets-Cocktail/product-reviews/B07RJN8752/ref=cm_cr_dp_d_show_all_btm?ie=UTF8&reviewerType=all_reviews",,,"4.2",,"https://images-na.ssl-images-amazon.com/images/I/51dHSbkLKcL.__AC_SY445_SX342_QL70_FMwebp_.jpg","JASAMBAC Women's Bow One Shoulder Dress with Pockets A-line Cocktail Party Dress","https://www.amazon.com/dp/B07RJN8752","B07RJN9CHJ","B0B7BDFRLP","B097BQVH8X","B09JG8XGMF","B093C21L88","B09JG8VT4R","B0B63K8H47","B09D7C1CW3","B09D7DQV9X","B09B51WGXC","B07RKP579S","B09B4Z8769","B099W9VSKY","B09B4ZX4JN","B081YF35V4","B097BQLFPP","B093C1P14V","B0B63SHF1T","B097BR9LHD","B08CZCFY3T","B0B63RPHCC","B09D7B4571","B08CZ78BSC","B07WYX54LD","B099W5R8QH","B09KV7JH8R","B0B8HCRDHT","B099WMTRZG","B0B8HBV9TM","B09JG8Y59F","B09JG7TC7C",,,,,,,,,,,,,,,"Color","Black","Size","",,
"63","B0895GRVYV","YATHON","Clothing, Shoes & Jewelry › Women › Clothing › Dresses",,,,,,,,,,,,,"true",,"$","23.98",,"$","32.9",,,"17895","/YATHON-Dresses-Sleeveless-Spaghetti-Sundresses/product-reviews/B0895GRVYV/ref=cm_cr_dp_d_show_all_btm?ie=UTF8&reviewerType=all_reviews",,,"4.4",,"https://images-na.ssl-images-amazon.com/images/I/61gFWGpYAhL.__AC_SX342_SY445_QL70_ML2_.jpg","YATHON Casual Dresses for Women Sleeveless Cotton Summer Beach Dress A Line Spaghetti Strap Sundresses with Pockets","https://www.amazon.com/dp/B0895GRVYV","B0895HD1FB","B0895GSG8D","B08CPS77CL","B08BF5772T","B08ZNVF7Z5","B09XBR6F5W","B099ZBF3LF","B09ZNRMVC3","B08F7CV98W","B0895H5BHY","B091FCJKY2","B08FSPH7Z5","B09ZP7D3ML","B08ZM5P8BR","B08ZJQ95SY","B08CPRJ6HG","B09WY9MWSF","B08BFG9QGL","B08B4DK7S8","B08BHWGZWW","B097PFFMPD","B09TQHD3Z2","B09W8GJ65H","B09TQK8CS6","B08CSRFZKB","B08TWLBJ33","B08F9RZ8Q2","B08ZNWDF2Z","B095PQQQMP","B08FH8CKFR","B08C4RZ4VJ","B09SYRC15N","B08ZJQGYFL","B091FCF7SV","B09SYYT3XW","B09WY4V9Z7",,,,,,,,,,"Size","","Color","Yt090-black",,
"67","B07Q2TSP7T","YOBECHO","Clothing, Shoes & Jewelry › Women › Clothing › Dresses › Casual",,,,"100% Polyester","imported","Zipper closure","Hand Wash Only","♥Pull On Closure","♥Material: Polyester. Soft material, light and comfortable, Perfect for the upcoming summer days!","♥Features:Deep Sweetheart Neck, Above Knee, Lining Without, Slim Waistline， Casual, Sexy, Floral Print, Boho, Ruffle Hem Dress.","♥Occasion: Party, Office, Shopping, Dating, Weekend Gathering, Beach, Outdoors, Casual etc.","★If you have any questions, please feel free to contact us.","true",,"$","18.99",,"$","37.69",,,"10767","/Yobecho-Womens-Sweetheart-Neckline-Printing/product-reviews/B07Q2TSP7T/ref=cm_cr_dp_d_show_all_btm?ie=UTF8&reviewerType=all_reviews",,,"4",,"https://images-na.ssl-images-amazon.com/images/I/61WaDeO3qLL.__AC_SY445_SX342_QL70_FMwebp_.jpg","YOBECHO Women's Summer Ruffle Sleeve Sweetheart Neckline Printing Dress Mini Dress","https://www.amazon.com/dp/B07Q2TSP7T","B08RNLSG2J","B07Q2SX8QK","B07Q2RCRPG","B07Z34P15P","B07RP7H9JT","B07RP7QJTT","B07SJZPC8Q","B07VL9HX2D","B09N8SSMGC","B09N92CDGF","B09N92B252",,,,,,,,,,,,,,,,,,,,,,,,,,,,,,,,,,,"Size","","Color","Blue",,
"20","B098JPWGCR","LYANER","Clothing, Shoes & Jewelry › Women › Clothing › Dresses › Formal",,,,,,,,,,,,,"true",,"$","33.99",,"$","35.99",,,"2053","/LYANER-Womens-Satin-Sleeveless-Strappy/product-reviews/B098JPWGCR/ref=cm_cr_dp_d_show_all_btm?ie=UTF8&reviewerType=all_reviews",,,"3.8",,"https://images-na.ssl-images-amazon.com/images/I/51GK366yhpL.__AC_SX342_SY445_QL70_ML2_.jpg","LYANER Women's Satin Drape Cowl Neck Sleeveless Strappy Cami Split Slit Party Midi Dress","https://www.amazon.com/dp/B098JPWGCR","B09LQ7PH9Q","B09SV1MGML","B09Q5QPRLY","B09SV23B8W","B09LQ8R2B5","B09LQQX4GV","B09XHGQG3K","B09LQB792Y","B09XHG7ZLV","B09PVH144B","B09XHGKXSG","B09SV3BC74","B09PVFQ8NG","B09LQBQMM3","B09Q5G52S5","B09Y81R71S","B09Y8M5NXP","B09Q5LK5LG","B09LQPJS4V","B09LQ8HDYX","B09LQHL887","B09XHGR7MX","B09Y89TKTC","B09LQQC78Z","B09LQFKTKN",,,,,,,,,,,,,,,,,,,,,"Size","","Color","Rust Brown",,
"4","B088GN21RC","ellazhu","Clothing, Shoes & Jewelry › Women › Clothing › Dresses","Fri, Sep 30",,"Tue, Sep 27",,,,,,,,,,"true",,,,,,,,"Eligible for Return, Refund or Replacement within 30 days of receipt","421","/ellazhu-Sleeve-Dresses-GY2266-Black/product-reviews/B088GN21RC/ref=cm_cr_dp_d_show_all_btm?ie=UTF8&reviewerType=all_reviews",,,"4.4",,"https://images-na.ssl-images-amazon.com/images/I/81xzhbod5XL.__AC_SY445_SX342_QL70_FMwebp_.jpg","ellazhu Women Short Sleeve Casual Creweck Tutu Tulle Dress Oversized Dresses GY2266","https://www.amazon.com/dp/B088GN21RC","B09YLDWJMQ","B09X1YGWD7","B088GN21RC","B0B45VWSYM","B088GXTWSH","B09X1ZGLY1","B088GXBPZR",,,,,,,,,,,,,,,,,,,,,,,,,,,,,,,,,,,,,,,"Color","Black",,,,
,"B0999C4JYS","WDIRARA","Clothing, Shoes & Jewelry › Women › Clothing › Dresses",,,,,,,,,,,,,"true",,"$","29.99",,"$","45.99",,,"651","/WDIRARA-Womens-Square-Flounce-Shirred/product-reviews/B0999C4JYS/ref=cm_cr_dp_d_show_all_btm?ie=UTF8&reviewerType=all_reviews",,,"4",,"https://images-na.ssl-images-amazon.com/images/I/61Q5FL2pMmL.__AC_SX342_SY445_QL70_FMwebp_.jpg","WDIRARA Women's Square Neck Flounce Short Sleeve Shirred Ruffle Hem Dress","https://www.amazon.com/dp/B0999C4JYS",,,,,,,,,,,,,,,,,,,,,,,,,,,,,,,,,,,,,,,,,,,,,,"Size","","Color","",,
"11","B08R3DLB18","SheIn","Clothing, Shoes & Jewelry › Women › Clothing › Dresses › Casual",,,,,,,,,,,,,"true",,"$","30.99",,"$","31.99",,,"1339","/SheIn-Womens-Sleeve-Ruched-Dresses/product-reviews/B08R3DLB18/ref=cm_cr_dp_d_show_all_btm?ie=UTF8&reviewerType=all_reviews",,,"3.7",,"https://images-na.ssl-images-amazon.com/images/I/61B8nwB9ibL.__AC_SX342_SY445_QL70_ML2_.jpg","SheIn Women's Short Puff Sleeve Ruched Mini A Line Dress Ruffle Tie Front Square Neck Short Dresses","https://www.amazon.com/dp/B08R3DLB18","B0999K11PV","B08TQWBYDW","B0978R6WL1","B091TDS3Q7","B095JYK46M","B0919QWGHV","B095JXNSM1","B08R3CZK4P","B08XQ2WCW1","B09NR89955","B09P54VKSN","B09MT1R99Y","B09NR8PSTP","B09ZP5W334","B09MT1FBS9","B099MJRDBS","B09ZNKPJNT","B09P55Y4ZX",,,,,,,,,,,,,,,,,,,,,,,,,,,,"Size","","Color","White",,
,"B09NC1H12W","LYANER","Clothing, Shoes & Jewelry › Women › Clothing › Dresses",,"Size Measurement:   Small: Bust: 81 cm/32"", Waist: 64 cm/25.25"", Length: 93 cm/36.5"",   Medium: Bust: 85 cm/33.5"", Waist: 68 cm/26.75"", Length: 94 cm/37"",   Large: Bust: 89 cm/35"", Waist: 72 cm/28.25"", Length: 95 cm/37.5"",   X-Large: Bust: 93 cm/36.5"", Waist: 76 cm/30"", Length: 96 cm/37.75"",",,"Imported","Zipper closure","Hand wash or machine wash. Do not bleach.","Spaghetti straps, solid color, sleeveless, soft fabric, split hem, zip up midi dress for women and girls.","Slim fit, below knee length. The plain sleeveless midi bodycon dress with slit hem design detail, is greatly highline your leg and show your sexy bodyline.","The plain spaghetti straps sleeveless midi dress for summer and fall match with your favorite denim jackets, cardigan, coat, boots, heels.","Sleeveless fitted split hem zipper midi dress suit for both formal and casual occasions, such as cocktail, banquet, wedding, prom, dating, club, daily wear.","Please check Size Measurements before ordering to ensure a proper fit.",,"true",,"$","28.99",,"$","33.99",,,"644","/LYANER-Womens-Spaghetti-Sleeveless-Bodycon/product-reviews/B09NC1H12W/ref=cm_cr_dp_d_show_all_btm?ie=UTF8&reviewerType=all_reviews",,,"3.8",,"https://images-na.ssl-images-amazon.com/images/I/51o91raQE0L.__AC_SX342_SY445_QL70_ML2_.jpg","LYANER Women's Spaghetti Straps Split Hem Sleeveless Zipper Bodycon Midi Dress","https://www.amazon.com/dp/B09NC1H12W","B0B81ZJ321","B09XM2KT1K","B09YC8XLB2","B09XM1NK5B","B09YCSMVV5","B09XM1DJX8","B0B1X881SK","B0B81Z2L7W","B0B3WRD5J4","B09XM1KQ6W","B0B1X8QHL1","B0B3WRQJ3P","B0B8214SCN","B09XM3BX1Y","B09XM134WZ","B0B1X7R22R","B0B3WRGKBH","B0B81YJ4R1","B0B3WRS42Z","B09YD2MT71","B09YCPTNRM","B0B821LXGY","B0B1X71JML","B09YCKW52R",,,,,,,,,,,,,,,,,,,,,,"Size","","Color","Black",,
"70","B081CY85Q3","","Clothing, Shoes & Jewelry › Women › Clothing › Dresses › Cocktail",,,,,,,,,,,,,"true",,"$","16.99",,"$","40.99",,,"9608","/JASAMBAC-Womens-Shoulder-Wedding-Cocktail/product-reviews/B081CY85Q3/ref=cm_cr_dp_d_show_all_btm?ie=UTF8&reviewerType=all_reviews",,,"4.4",,"https://images-na.ssl-images-amazon.com/images/I/51mu9GcEoUL.__AC_SY445_SX342_QL70_FMwebp_.jpg","JASAMBAC Women's Off Shoulder High Low A Line Wedding Guest Party Cocktail Dress","https://www.amazon.com/dp/B081CY85Q3","B086KSYN2C","B086KWQPWK","B07W83R9B6","B084G567WT","B098DKP6ZZ","B09QGT6PFJ","B09QGVRTKQ","B08GFWHVV5","B09FK2MSRL","B0995JLDGC","B09B4SVFC1","B091CRSRZL","B0995J2N3X","B09HC2TVW5","B09FK1BTLT","B09HC27WX8","B094ZVSDY6","B0995KMMVG","B0995ZG6SQ","B09B4TYTPF","B094ZW3YW2","B081DGZW5D","B09QGT7Q5C","B09KM35T86","B091CVKXGY","B0832W241G","B09B4TYVTD","B0832VZG57","B08L8NK4TW","B0995ZBN97","B08B4DPWR5","B09XF5CQK2","B07W4TXB7Z","B09XF6BCRP","B08GG1QQ95","B09XF55JFQ","B08L8MGBTS","B09KM1TGJT","B09HC56JXJ","B09KM1YBY7","B09FK2VPJH","B09KM2CNBQ","B098DNWVL2",,,"Color","Black","Size","",,
,"B09QYMQM4Z","XXTAXN","Clothing, Shoes & Jewelry › Women › Clothing › Dresses › Club & Night Out",,,,,,,,,,,,,"true",,"$","32.99",,"$","35.99",,,"646","/XXTAXN-Womens-Cocktail-Bodycon-Sleeveless/product-reviews/B09QYMQM4Z/ref=cm_cr_dp_d_show_all_btm?ie=UTF8&reviewerType=all_reviews",,,"4.5",,"https://m.media-amazon.com/images/I/41DNxk+HzAL._AC_SY445_SX342_.jpg","XXTAXN Women's Cocktail Bodycon Ruffle Sleeveless Formal Midi Pencil Dress","https://www.amazon.com/dp/B09QYMQM4Z","B09QYKW736","B0B59BRCC6","B0B7WVVFP4","B09QYM9FJ2","B0B59FVBJ4","B0B59BJ3J8","B09QYLCCJC",,,,,,,,,,,,,,,,,,,,,,,,,,,,,,,,,,,,,,,"Color","White","Size","",,
