"answeredQuestions","asin","brand","breadCrumbs","delivery","description","fastestDelivery","features/0","features/1","features/2","features/3","features/4","features/5","features/6","features/7","features/8","features/9","features/10","features/11","inStock","listPrice","listPrice/currency","listPrice/value","price","price/currency","price/value","priceVariants","returnPolicy","reviewsCount","reviewsLink","savedPrice","shippingPrice","stars","support","thumbnailImage","title","url","variantAsins/0","variantAsins/1","variantAsins/2","variantAsins/3","variantAsins/4","variantAsins/5","variantAsins/6","variantAsins/7","variantAsins/8","variantAsins/9","variantAsins/10","variantAsins/11","variantAsins/12","variantAsins/13","variantAsins/14","variantAsins/15","variantAsins/16","variantAsins/17","variantAsins/18","variantAsins/19","variantAsins/20","variantAsins/21","variantAsins/22","variantAsins/23","variantAsins/24","variantAsins/25","variantAsins/26","variantAsins/27","variantAsins/28","variantAsins/29","variantAsins/30","variantAsins/31","variantAsins/32","variantAsins/33","variantAsins/34","variantAsins/35","variantAsins/36","variantAsins/37","variantAsins/38","variantAsins/39","variantAsins/40","variantAsins/41","variantAsins/42","variantAsins/43","variantAttributes/0/key","variantAttributes/0/value","variantAttributes/1/key","variantAttributes/1/value","variantAttributes/2/key","variantAttributes/2/value"
,"B0979X2S28","Van Heusen","Clothing, Shoes & Jewelry › Men › Clothing › Shirts › Dress Shirts",,"Van Heusen's new Ultra Wrinkle Free dress shirts are made from fabric that's been specially treated for advanced wrinkle resistance that allows for less ironing and even easier care at home. This essential style features a Flex collar that gives your neck a break by expanding up to a 1/2 inch, while all-over stretch ensures every move you make is a comfortable one.",,,,,,,,,,,,,,"true",,"$","32.91",,"$","87.23",,,"142","/Van-Heusen-Wrinkle-Collar-Stretch/product-reviews/B0979X2S28/ref=cm_cr_dp_d_show_all_btm?ie=UTF8&reviewerType=all_reviews",,,"4.6",,"https://images-na.ssl-images-amazon.com/images/I/61YX4vAJquL.__AC_SY445_SX342_QL70_FMwebp_.jpg","Van Heusen Men's Big Fit Dress Shirt Ultra Wrinkle Free Flex Collar Stretch (Big and Tall)","https://www.amazon.com/dp/B0979X2S28","B09QY2GKJ3","B09QY1RSKN","B09QXZCQGM","B09QXYRCYM","B09QXXRVD8","B0979GXXN3","B0979JH2DS","B0979FB8ZH","B0979JPS3K","B0979H4ZFD","B0979GNQMV","B0979HLYFM","B0979K2FSJ","B0979JQ843","B0979L5MK1","B0979GN1H8","B0979J45WN","B09QXYXTGP","B09QY118KN","B09QXXFVSX","B09QXXS499","B0979JYLV5",,,,,,,,,,,,,,,,,,,,,,,"Size","","Color","White",,
"9","B07FW58DCM","Polo Ralph Lauren Underwear","Clothing, Shoes & Jewelry › Men › Clothing › Underwear › Boxers",,,,,,,,,,,,,,,,"true",,"$","41.65",,"$","124.91",,,"1107","/Polo-Ralph-Lauren-Classic-Wicking/product-reviews/B07FW58DCM/ref=cm_cr_dp_d_show_all_btm?ie=UTF8&reviewerType=all_reviews",,,"4.8",,"https://m.media-amazon.com/images/I/61+j-3eCCDS._AC_SX342_SY445_.jpg","Polo Ralph Lauren Underwear Men's 5 Pack Classic Fit Boxer Briefs","https://www.amazon.com/dp/B07FW58DCM","B07GB7981L","B0B7B9SR8N","B07DKH85GX","B0764B4ZZ6",,,,,,,,,,,,,,,,,,,,,,,,,,,,,,,,,,,,,,,,,"Size","","Color","Blues Pack",,
"57","B08WWQNVPY","BILLIONHATS","Clothing, Shoes & Jewelry › Men › Clothing › Underwear › Undershirts",,"MENS PLUS SIZE BULK TSHIRT PACK FOR MENGet a random assortment of colorful crew new mens tee shirts. Wholesale pricing from BILLIONHATS closeout dealsBIG & TALL MENS TSHIRTS BULKLooking for wholesale packs of mens t-shirts for printing? We stock thousands of plain tees for men packCOTTON TEE SHIRTS BULK FOR LARGER SIZED GUYSComfortable assortment of colored tee shirts in 100% Cotton in a range of plus sizes of 3X, 4X, 5X, 6X, 7X.BILLIONHATS SHIRTSWe stand behind the quality of our big & tall t-shirts",,,,,,,,,,,,,,"true",,"$","45.72",,"$","102.84",,,"4867","/BILLIONHATS-Cotton-T-Shirt-Sleeve-Lightweight/product-reviews/B08WWQNVPY/ref=cm_cr_dp_d_show_all_btm?ie=UTF8&reviewerType=all_reviews",,,"4.2",,"https://images-na.ssl-images-amazon.com/images/I/81gRPcqEe1L.__AC_SY445_SX342_QL70_ML2_.jpg","BILLIONHATS 12 Pack Plus Size Men Cotton T-Shirt Bulk Big Tall Short Sleeve Lightweight Tees","https://www.amazon.com/dp/B08WWQNVPY","B0B46V8Q3S","B09JVSW4XX","B08WKLK6HM","B08WWZSQBP","B08WWRG984",,,,,,,,,,,,,,,,,,,,,,,,,,,,,,,,,,,,,,,,"Size","","Color","12 Pack Assorted B",,
"9","B07D79PGLM","IZOD","Clothing, Shoes & Jewelry › Men › Clothing › Shirts › Dress Shirts",,,,,,,,,,,,,,,,"true",,"$","56.93",,"$","89.99",,,"574","/IZOD-Dress-Shirts-Stretch-Solid/product-reviews/B07D79PGLM/ref=cm_cr_dp_d_show_all_btm?ie=UTF8&reviewerType=all_reviews",,,"4.5",,"https://images-na.ssl-images-amazon.com/images/I/61TTP2iveZL.__AC_SX342_SY445_QL70_FMwebp_.jpg","Izod Men's BIG FIT Dress Shirts Stretch Solid (Big and Tall)","https://www.amazon.com/dp/B07D79PGLM","B0794FNT2W","B0794J9TBM","B07Z9ZXFM8","B0794F7DB5",,,,,,,,,,,,,,,,,,,,,,,,,,,,,,,,,,,,,,,,,"Size","","Color","White",,
,"B0BFQ61N1C","Columbia","Clothing, Shoes & Jewelry › Men › Clothing › Shirts › Polos",,"Minimal in design but not in range, this polo has UPF 30 sun protection and wicking power to make it highly versatile for all-season wear. This shirt’s Omni-Shade fabric is a welcome slice of UV blocking insurance, along with Omni-Wick moisture fighting abilities to keep you comfortable all day. A classic, three-button Polo, sure to be your go-to shirt for any collared class event. Columbia offers this men’s polo in multiple colors and sizes. Available in extended sizing. Regular Fit. To ensure the size you choose is right, utilize our sizing chart and the following measurement instructions: For the chest, measure at the fullest part of the chest, under the armpits, and over the shoulder blades, keeping the tape measure firm and level.",,"100% Polyester","Imported","OMNI-SHADE: For mild to extreme sun exposure. Blocks harmful UVA and UVB rays that cause sunburns and long-term skin damage. The tight weave construction offers lasting sun protection against the full spectrum of sunshine.","OMNI-WICK: Moisture-wicking technology for the outdoors. Omni-Wick pulls moisture from the skin into the fabric where it spreads across the surface to accelerate evaporation—for fast drying, enhanced next-to-skin comfort.","CLASSIC FIT: This polo is made with a regular fit cut, for a classic design that you don’t have to think twice about","AVAILABLE IN EXTENDED SIZES: One of our most popular tops, this classic is available in a wide range of sizes","BUILT TO LAST: Columbia’s attention to detail is what sets our apparel apart. Specifying only the highest quality materials, expert stitching, and craftsmanship. This is a long-lasting garment you will enjoy for seasons to come",,,,,,"true",,"$","26.65",,"$","80.85",,,"1996","/Columbia-190893239127-Mens-Utilizer-Polo/product-reviews/B0BFQ61N1C/ref=cm_cr_dp_d_show_all_btm?ie=UTF8&reviewerType=all_reviews",,,"4.7",,"https://images-na.ssl-images-amazon.com/images/I/61M3FCcLO0L.__AC_SX300_SY300_QL70_FMwebp_.jpg","Columbia Men's Utilizer Polo","https://www.amazon.com/dp/B0BFQ61N1C","B072MFWBDL","B072MFWN7W","B076W4HGZ1","B096MVJ8CN","B0814NMVBS","B071ZZQWDX",,,,,,,,,,,,,,,,,,,,,,,,,,,,,,,,,,,,,,,"Color","Black","Size","",,
,"B07DKH4FG8","Polo Ralph Lauren Underwear","Clothing, Shoes & Jewelry › Men › Clothing › Shirts › Polos","Sep 28 - Oct 3",,"Fri, Sep 30",,,,,,,,,,,,,"true",,,,,,,,"Eligible for Return, Refund or Replacement within 30 days of receipt","397","/Polo-Ralph-Lauren-Classic-Wicking/product-reviews/B07DKH4FG8/ref=cm_cr_dp_d_show_all_btm?ie=UTF8&reviewerType=all_reviews",,,"4.7",,"https://images-na.ssl-images-amazon.com/images/I/61u8FYYzx9S.__AC_SY445_SX342_QL70_FMwebp_.jpg","Polo Ralph Lauren Underwear Men's 5 Pack Classic Fit Boxer Briefs, Black/Charcoal/Grey, M","https://www.amazon.com/dp/B07DKH4FG8",,,,,,,,,,,,,,,,,,,,,,,,,,,,,,,,,,,,,,,,,,,,,,,,,,
"169","B09PQCFBR8","","Clothing, Shoes & Jewelry › Men › Clothing › Shirts › T-Shirts",,,,,,,,,,,,,,,,"true",,"$","21.95",,"$","59.95",,,"21846","/INTO-AM-Mens-T-Shirts-Sleeve/product-reviews/B09PQCFBR8/ref=cm_cr_dp_d_show_all_btm?ie=UTF8&reviewerType=all_reviews",,,"4.6",,"https://images-na.ssl-images-amazon.com/images/I/71u2Gu4lFeL.__AC_SY445_SX342_QL70_FMwebp_.jpg","INTO THE AM Premium Men's T-Shirts - Crew Neck Soft Fitted Tees S - 4XL Fresh Classic Tshirts","https://www.amazon.com/dp/B09PQCFBR8","B08GYLGJWJ","B09ZK7BNNL","B087SLQ7FL","B08XTZZ9XV","B09VX8CJP1","B083JPSB47","B09DLDJ2FW","B083JPNLSJ","B083JPPB6Q","B088CX5Q66","B088CQF756","B088CWDGVZ","B083JP3G2Y","B08XTPKRTY","B09B4L3MPD","B08XTWX5TD","B08XV3WZ2K","B09ZK9N3Q3","B087SG4J6L","B0B3CNSTPS","B08XV2SCYR","B088CZFNR9","B083JNV656","B08HJTKJQC","B08XT9Y1VG","B0B3CSJTWX","B09ZKMDZ5Z","B086H6CKQ7","B09ZKBXR7D","B08XTWS77K","B087SDGDZC","B09VX7J1WV","B08YVJM2LJ",,,,,,,,,,,,"Size","","Color","3-pack Black, Charcoal, and Olive Green",,
"111","B0B47HHXKM","POLO RALPH LAUREN","Clothing, Shoes & Jewelry › Men › Clothing › Underwear › Undershirts",,,,,,,,,,,,,,,,"true",,"$","24.99",,"$","95.63",,,"11253","/POLO-RALPH-LAUREN-Classic-Cotton/product-reviews/B0B47HHXKM/ref=cm_cr_dp_d_show_all_btm?ie=UTF8&reviewerType=all_reviews",,,"4.6",,"https://m.media-amazon.com/images/I/61mi+XWeZ3L._AC_SY445_SX342_.jpg","POLO RALPH LAUREN Men's Classic Fit Cotton Crews 3-Pack","https://www.amazon.com/dp/B0B47HHXKM","B07GBXNTZ3","B07FN28HZB","B09P1CXJ85","B07GPKFW8X","B094GYQ2TV","B07FMVGRND","B07FMXQQWB","B07GBW5YY1","B088T5DB4X","B0B63BRCSL","B0B7C1YCDC","B09Q2CBKHL","B000ICK140","B09P1BP2NK","B07738GZQM","B00W57XI96",,,,,,,,,,,,,,,,,,,,,,,,,,,,,"Size","","Color","Polo Black/Red",,
"15","B091YXZVG1","Van Heusen","Clothing, Shoes & Jewelry › Men › Clothing › Shirts › Dress Shirts",,,,,,,,,,,,,,,,"true",,"$","33.32",,"$","92.78",,,"1379","/Van-Heusen-Dress-Collar-Stretch/product-reviews/B091YXZVG1?reviewerType=all_reviews",,,"4.5",,"https://images-na.ssl-images-amazon.com/images/I/31IG39u8GvL.__AC_SY445_SX342_QL70_FMwebp_.jpg","Van Heusen Men’s BIG and TALL Dress Shirt Flex Collar Stretch Solid","https://www.amazon.com/dp/B091YXZVG1","B07RKY5WNC","B07RKXXK78","B07F3F69B1","B07RDM1V3D","B07RKY5WMR","B08G9V5TZT","B08G9XQLSD","B07S76V4V6","B07F3DLH9Z","B083YTG1S1","B07FZ38C3X","B07J2V94R9",,,,,,,,,,,,,,,,,,,,,,,,,,,,,,,,,"Size","","Color","White",,
"44","B07SNL2R41","Van Heusen","Clothing, Shoes & Jewelry › Men › Clothing › Shirts › Dress Shirts",,,,,,,,,,,,,,,,"true",,"$","24.99",,"$","139.95",,,"4092","/Van-Heusen-Dress-Collar-Stretch/product-reviews/B07SNL2R41?reviewerType=all_reviews",,,"4.5",,"https://images-na.ssl-images-amazon.com/images/I/51TGASz54UL.__AC_SY445_SX342_QL70_FMwebp_.jpg","Van Heusen Men's Dress Shirt Slim Fit Flex Collar Stretch Solid","https://www.amazon.com/dp/B07SNL2R41","B06WCZFZQQ","B07KB368GW","B07KB2Q8TF","B06VSRL1VD","B07DLF9LCJ","B06VSJ9PQS","B06WLGQ9DB","B07LC8BFFN","B07G8WS7Z7","B07G96B4MC","B07LCDRJ3Q","B07ZL995WY","B08G9VB4TK","B083YRSBS1","B09QVK3J8V","B07G8XK384",,,,,,,,,,,,,,,,,,,,,,,,,,,,,"Size","","Color","White",,
"479","B0B5M2J2KJ","Gildan","Clothing, Shoes & Jewelry › Novelty & More › Clothing › Novelty › Men › Shirts › T-Shirts",,"Gildan is one of the world's largest vertically integrated manufacturers of apparel and socks. Gildan uses cotton grown in the USA, which represents the best combination of quality and value for Gildan's cotton and cotton blended products. Since 2009, Gildan has proudly displayed the Cotton USA mark, licensed by Cotton Council International, on consumer's product packaging and shipping materials. Gildan's environmental program accomplishes two core objectives: Reduce our environmental impact and preserve the natural resources being used in our manufacturing process. At all operating levels, Gildan is aware of the fact that we operate as a part of a greater unit: The environment in which we live and work.",,,,,,,,,,,,,,"true",,"$","16.99",,"$","57.6",,,"213061","/Gildan-T-Shirts-Multipack-Style-G1100/product-reviews/B0B5M2J2KJ/ref=cm_cr_dp_d_show_all_btm?ie=UTF8&reviewerType=all_reviews",,,"4.6",,"https://m.media-amazon.com/images/I/71jWVlA8u+L._AC_SY445_SX342_.jpg","Gildan Men's Crew T-Shirts, Multipack, Style G1100","https://www.amazon.com/dp/B0B5M2J2KJ","B07CWYW42V","B07CWYW42V",,,,,,,,,,,,,,,,,,,,,,,,,,,,,,,,,,,,,,,,,,,"Number of Items","12","Color","White (12-pack)","Size",""
,"B09RQ3D27S","LULY YANG","Clothing, Shoes & Jewelry › Men › Clothing › Shirts › Polos",,"Breathable lightweight quick dry prime blue active polo. Maximizes comfort and performance. 94% Polyester, 6% Spandex.",,,,,,,,,,,,,,"true",,"$","16.78",,"$","167.8",,,"2","/LULY-YANG-Mens-Lightweight-Polo/product-reviews/B09RQ3D27S/ref=cm_cr_dp_d_show_all_btm?ie=UTF8&reviewerType=all_reviews",,,"5",,"https://images-na.ssl-images-amazon.com/images/I/51hMZmmKQdL.__AC_SY445_SX342_QL70_FMwebp_.jpg","LULY YANG DSP Men's Lightweight Polo - Short Sleeve","https://www.amazon.com/dp/B09RQ3D27S","B09RQ3XNQ7","B09VBGQYJK","B09VB8LW3L",,,,,,,,,,,,,,,,,,,,,,,,,,,,,,,,,,,,,,,,,,"Package Quantity","3","Size","",,
"60","B01D86VX3A","POLO RALPH LAUREN","Clothing, Shoes & Jewelry › Men › Clothing › Shirts › Polos",,,,,,,,,,,,,,,,"true",,"$","54.99",,"$","208.21",,,"2965","/POLO-RALPH-LAUREN-Classic-Shirt/product-reviews/B01D86VX3A/ref=cm_cr_dp_d_show_all_btm?ie=UTF8&reviewerType=all_reviews",,,"4.5",,"https://images-na.ssl-images-amazon.com/images/I/61rZ3nhzo9L.__AC_SY445_SX342_QL70_ML2_.jpg","POLO RALPH LAUREN Men's Classic Fit Polo Shirt","https://www.amazon.com/dp/B01D86VX3A",,,,,,,,,,,,,,,,,,,,,,,,,,,,,,,,,,,,,,,,,,,,,"Size","","Color","",,
"33","B0979JX9T6","Grunt Style","Clothing, Shoes & Jewelry › Men › Uniforms, Work & Safety › Clothing › Military › Tops",,,,,,,,,,,,,,,,"true",,"$","25.95",,"$","53.95",,,"3469","/Grunt-Style-Ghost-Basic-T-Shirt/product-reviews/B0979JX9T6/ref=cm_cr_dp_d_show_all_btm?ie=UTF8&reviewerType=all_reviews",,,"4.6",,"https://images-na.ssl-images-amazon.com/images/I/61UebQOPOyL.__AC_SY445_SX342_QL70_FMwebp_.jpg","Grunt Style Ghost Basic Crew Men's T-Shirt","https://www.amazon.com/dp/B0979JX9T6","B08HCQM53K","B08HC2SG82","B09DFHMSWY","B08GFJ6VZH",,,,,,,,,,,,,,,,,,,,,,,,,,,,,,,,,,,,,,,,,"Color","3-pack: Heavy Metal/Tan499/Black, Small","Size","",,
"54","B0B47SB418","POLO RALPH LAUREN","Clothing, Shoes & Jewelry › Men › Clothing › Shirts › Polos",,,,,,,,,,,,,,,,"true",,"$","31.99",,"$","74.56",,,"8048","/POLO-RALPH-LAUREN-Cotton-3-Pack/product-reviews/B0B47SB418/ref=cm_cr_dp_d_show_all_btm?ie=UTF8&reviewerType=all_reviews",,,"4.6",,"https://images-na.ssl-images-amazon.com/images/I/71UJy5EPByL.__AC_SX342_SY445_QL70_FMwebp_.jpg","POLO RALPH LAUREN Men's Slim Fit Cotton Crews 3-Pack","https://www.amazon.com/dp/B0B47SB418","B0B47L5QW4","B0B47MJ6KL","B0B47QMMSZ","B0B47YXSXT","B07FN3WDF6",,,,,,,,,,,,,,,,,,,,,,,,,,,,,,,,,,,,,,,,"Size","","Color","Andover Heather/Polo Black, Madison Heather/Polo Black, Polo Black/Red",,
,"B07DKD8LB4","Polo Ralph Lauren Underwear","Clothing, Shoes & Jewelry › Men › Clothing › Shirts › Polos","Sep 28 - Oct 3",,"Fri, Sep 30",,,,,,,,,,,,,"true",,,,,,,,"Eligible for Return, Refund or Replacement within 30 days of receipt","530","/Polo-Ralph-Lauren-Classic-Wicking/product-reviews/B07DKD8LB4/ref=cm_cr_dp_d_show_all_btm?ie=UTF8&reviewerType=all_reviews",,,"4.7",,"https://images-na.ssl-images-amazon.com/images/I/61u8FYYzx9S.__AC_SY445_SX342_QL70_ML2_.jpg","Polo Ralph Lauren Underwear Men's 5 Pack Classic Fit Boxer Briefs, Black/Charcoal/Grey, L","https://www.amazon.com/dp/B07DKD8LB4",,,,,,,,,,,,,,,,,,,,,,,,,,,,,,,,,,,,,,,,,,,,,,,,,,
"11","B015BU2FX8","ARIAT","Clothing, Shoes & Jewelry › Men › Clothing › Shirts › Casual Button-Down Shirts",,"The team collection added to the solid twill shirt with the ariat logo on the arm. This was seen in the movie the longest ride.",,"100% Cotton","Imported","Pull On closure","Machine Wash","Greater arm mobility","Moisture movement","SPF protection",,,,,,"true",,"$","59.95",,"$","140.28",,,"598","/Ariat-Mens-Sleeve-Twill-Shirt/product-reviews/B015BU2FX8/ref=cm_cr_dp_d_show_all_btm?ie=UTF8&reviewerType=all_reviews",,,"4.6",,"https://images-na.ssl-images-amazon.com/images/I/71EV4lnYCqS.__AC_SY445_SX342_QL70_ML2_.jpg","Ariat Men's Big and Tall Team Logo Long Sleeve Twill Shirt","https://www.amazon.com/dp/B015BU2FX8","B015SX2VIM","B01M1VS89E","B0979FLDT6","B07WCQRF96","B08PDMN4GS","B07WD5TJML","B07WF9M7FB",,,,,,,,,,,,,,,,,,,,,,,,,,,,,,,,,,,,,,"Size","","Color","Black/White",,
"124","B07SG7BRPT","Van Heusen","Clothing, Shoes & Jewelry › Men › Clothing › Shirts › Dress Shirts",,"Van Heusen fitted poplin long sleeve blended dress shirt",,,,,,,,,,,,,,"true",,"$","21.45",,"$","135",,,"17926","/Van-Heusen-Dress-Fitted-Poplin/product-reviews/B07SG7BRPT/ref=cm_cr_dp_d_show_all_btm?ie=UTF8&reviewerType=all_reviews",,,"4.4",,"https://images-na.ssl-images-amazon.com/images/I/31NYFECflxL.__AC_SY445_SX342_QL70_FMwebp_.jpg","Van Heusen Men's Dress Shirt Fitted Poplin Solid","https://www.amazon.com/dp/B07SG7BRPT","B00CAKE63A","B06XXB665S","B07F3DLSVL","B07F3F894K","B07F3DLHHD","B06XWJYH7T","B00IE0HJSE","B07F3DLNCT","B07F3DL5P3","B00CAKEW98","B07F3CYNSM","B07F3CYDS5","B07FHHV5W4","B00J5XLAP2","B07F3RY673","B00BM48FP0","B076VVGPVG","B07F383FBH","B076VSKHWB","B06XWHDBXB","B06XVZ69C5","B06XXBD69L","B06XWHM7FH",,,,,,,,,,,,,,,,,,,,,,"Size","","Color","White",,
"14","B0775WKWKF","A|X ARMANI EXCHANGE","Clothing, Shoes & Jewelry › Men › Clothing › Shirts › T-Shirts",,,,,,,,,,,,,,,,"true",,"$","31.5",,"$","64",,,"1632","/Armani-Exchange-Mens-Classic-Crew/product-reviews/B0775WKWKF/ref=cm_cr_dp_d_show_all_btm?ie=UTF8&reviewerType=all_reviews",,,"4.5",,"https://images-na.ssl-images-amazon.com/images/I/61kDfwZjNJL.__AC_SX342_SY445_QL70_FMwebp_.jpg","AX Armani Exchange Men's Crew Neck Logo Tee","https://www.amazon.com/dp/B0775WKWKF","B0779QX78Y","B0775QLWYK","B0779M5XR2","B0775LWFJM","B07KY7JGQQ",,,,,,,,,,,,,,,,,,,,,,,,,,,,,,,,,,,,,,,,"Size","","Color","Black",,
"3","B07G7SVS7X","Hanes Ultimate","Clothing, Shoes & Jewelry › Men › Clothing › Shirts › Tank Tops",,"Stock up on these rib-knit muscle tanks sporting a traditional fit in a super soft cotton-blend. Made of knit cotton and polyester.",,"100% Cotton","Imported","Pull On closure","Machine Wash","Tag less - no scratchy label","Ribbed fabric for contoured fit","Super soft ring spun cotton","Solids: 100% Cotton; heathers: 90% Cotton/10% Polyester",,,,,"true",,"$","18.9",,"$","57.16",,,"196","/Hanes-Ultimate-Mens-Dyed-6-Pack/product-reviews/B07G7SVS7X/ref=cm_cr_dp_d_show_all_btm?ie=UTF8&reviewerType=all_reviews",,,"4.5",,"https://m.media-amazon.com/images/I/71Wbs+9TrrS._AC_SX342_SY445_.jpg","Hanes Ultimate Men's Dyed Tank (Black/Grey)","https://www.amazon.com/dp/B07G7SVS7X",,,,,,,,,,,,,,,,,,,,,,,,,,,,,,,,,,,,,,,,,,,,,"Size","","Color","Black/ Gray",,
"32","B0772YMPJD","ARIAT","Clothing, Shoes & Jewelry › Men › Clothing › Shirts › Casual Button-Down Shirts",,,,,,,,,,,,,,,,"true",,"$","58.99",,"$","143.15",,,"1803","/Ariat-Mens-Solid-Twill-Shirt/product-reviews/B0772YMPJD/ref=cm_cr_dp_d_show_all_btm?ie=UTF8&reviewerType=all_reviews",,,"4.7",,"https://images-na.ssl-images-amazon.com/images/I/51ePNjI-NSL.__AC_SY445_SX342_QL70_FMwebp_.jpg","Ariat Solid Twill Classic Fit Shirt - Men's Long Sleeve Western Button-Down","https://www.amazon.com/dp/B0772YMPJD","B005A1197M","B004BP0YRE","B010XMFH7K","B00JX932FY","B00EQ02BSY","B008UW5HSU",,,,,,,,,,,,,,,,,,,,,,,,,,,,,,,,,,,,,,,"Size","","Color","White",,
"17","B07GKWB3V2","Nike","Clothing, Shoes & Jewelry › Men › Clothing › Active › Active Shirts & Tees › Polos",,"NEW NIKE 2018 DESIGN WITH SWOOSH DESIGN TRADEMARK ON THE RIGHT SIDE OF CHEST. CLASSIC SHORT SLEEVE POLO WITH RIGHT CHEST EMBROIDERED SWOOSH. FEATURING DRI- FIT TECHNOLOGY FOR BREATHABILITY AND COMFORT.",,,,,,,,,,,,,,"true",,"$","34.99",,"$","113.89",,,"4046","/Nike-Dri-FIT-Short-Sleeve-Shirt/product-reviews/B07GKWB3V2/ref=cm_cr_dp_d_show_all_btm?ie=UTF8&reviewerType=all_reviews",,,"4.5",,"https://images-na.ssl-images-amazon.com/images/I/51OYS0EJwSL.__AC_SY445_SX342_QL70_FMwebp_.jpg","Nike Mens Dri-FIT Short Sleeve Polo Shirt Sky Blue","https://www.amazon.com/dp/B07GKWB3V2","B07GKDR88F","B07QP38VLR","B08HM9988P","B089P38K2X","B089P2FLRH","B07JYKB35S","B07JQ6CF44","B07RMK7NYR","B07GP4QPC8","B0951CLQWM","B07ZRYK61Q","B08FCW2TCY",,,,,,,,,,,,,,,,,,,,,,,,,,,,,,,,,"Size","","Color","Black",,
,"B09RQ3D27S","LULY YANG","Clothing, Shoes & Jewelry › Men › Clothing › Shirts › Polos",,"Breathable lightweight quick dry prime blue active polo. Maximizes comfort and performance. 94% Polyester, 6% Spandex.",,,,,,,,,,,,,,"true",,"$","16.78",,"$","167.8",,,"2","/LULY-YANG-Mens-Lightweight-Polo/product-reviews/B09RQ3D27S/ref=cm_cr_dp_d_show_all_btm?ie=UTF8&reviewerType=all_reviews",,,"5",,"https://images-na.ssl-images-amazon.com/images/I/719Uqi0EoEL.__AC_SY445_SX342_QL70_FMwebp_.jpg","LULY YANG DSP Men's Lightweight Polo - Short Sleeve","https://www.amazon.com/dp/B09RQ3D27S","B09RQ3XNQ7","B09VBGQYJK","B09VB8LW3L",,,,,,,,,,,,,,,,,,,,,,,,,,,,,,,,,,,,,,,,,,"Package Quantity","10","Size","",,
"334","B08YDWZ3C3","Gildan","Clothing, Shoes & Jewelry › Men › Clothing › Shirts › T-Shirts",,"This Adult Heavy Cotton T-shirt is Gildan’s best seller for a reason—wearers love the weight and versatility of the fabric, and there are companion styles for women, youth and toddlers. Made of U.S.-grown cotton, this midweight takes you through every season of the year. Its smooth surface is ideal for screen printing, embroidery, iron-on transfers, bleaching and tie dye. A fantastic choice when you want to coordinate looks for the entire family!",,"Solids: 100% Cotton; Sport Grey & antique Heather: 90% Cotton, 10% Polyester; Safety Colors & Heather: 50% Cotton, 50% Polyester","Imported","Pull On closure","Machine Wash","Classic fit for loose comfort","Versatile mid-weight fabric for year-round wear","Our most popular t-shirt","Non-topstitched, classic width, rib collar","Tear away label for customizable comfort","Screen printing, embroidery, iron-on transfers, bleaching and tie dyE","Companion styles: G5000L, G5000B, G5100P",,"true",,"$","7.14",,"$","110.43",,,"70416","/Gildan-Cotton-T-Shirt-G5000-2-Pack/product-reviews/B08YDWZ3C3/ref=cm_cr_dp_d_show_all_btm?ie=UTF8&reviewerType=all_reviews",,,"4.5",,"https://images-na.ssl-images-amazon.com/images/I/61lDolpjTRL.__AC_SY445_SX342_QL70_FMwebp_.jpg","Gildan Men's Heavy Cotton T-Shirt, Style G5000, Multipack","https://www.amazon.com/dp/B08YDWZ3C3","B0828N81X4",,,,,,,,,,,,,,,,,,,,,,,,,,,,,,,,,,,,,,,,,,,,"Number of Items","10","Color","","Size",""
"8","B00IKGIMVU","Carhartt","Clothing, Shoes & Jewelry › Novelty & More › Clothing › Novelty › Men › Shirts",,,,,,,,,,,,,,,,"true",,"$","69.99",,"$","133.74",,,"768","/Carhartt-Resistant-Cotton-Sleeve-T-Shirt/product-reviews/B00IKGIMVU/ref=cm_cr_dp_d_show_all_btm?ie=UTF8&reviewerType=all_reviews",,,"4.7",,"https://images-na.ssl-images-amazon.com/images/I/51oQq7aKaSL.__AC_SY445_SX342_QL70_ML2_.jpg","Carhartt Men's Flame Resistant Force Cotton Long Sleeve T-Shirt","https://www.amazon.com/dp/B00IKGIMVU","B009VZDBZG","B00TEQ7KJK","B01EM628P2","B0069RYLCQ","B00AAXYYLS","B00B4RN2MG","B009VZEEQG","B009VZE4KC",,,,,,,,,,,,,,,,,,,,,,,,,,,,,,,,,,,,,"Size","","Color","Dark Navy",,
"7","B00Q4ZO8TE","Volcom","Clothing, Shoes & Jewelry › Men › Clothing › Shirts",,,,,,,,,,,,,,,,"true",,"$","37.02",,"$","62",,,"995","/Volcom-Everett-Oxford-Short-Sleeve/product-reviews/B00Q4ZO8TE/ref=cm_cr_dp_d_show_all_btm?ie=UTF8&reviewerType=all_reviews",,,"4.5",,"https://images-na.ssl-images-amazon.com/images/I/51J3xElzbML.__AC_SY445_SX342_QL70_FMwebp_.jpg","Volcom Men's Everett Oxford Short Sleeve Shirt","https://www.amazon.com/dp/B00Q4ZO8TE","B09MSTTDVM","B0B1T6NXP6","B077JJ8MMS","B0711Z8Y96","B071FH92F3","B09MSTN4R8","B093TJYF2P","B082X1VMS3","B07VT4H4NG","B07Y5S7SX5","B09F87QV6S","B07Y5SPXWY",,,,,,,,,,,,,,,,,,,,,,,,,,,,,,,,,"Size","","Color","New Black",,
"19","B07RHQ15R1","Van Heusen","Clothing, Shoes & Jewelry › Men › Clothing › Shirts › Dress Shirts",,"Van Heusen regular fit flex collar stretch fabric long sleeve dress shirt.",,"55% Cotton, 44% Polyester, 1% Spandex","Imported","Button closure","Machine Wash","Flex collar: stretches up to half an inch for expandable comfort. Stretch fabric: stretches and moves with you for extra comfort. Wrinkle free: developed for less wrinkles and easy care.","Regular fit: a generous cut through the shoulders, chest and waist for total comfort and a classic fit","Spread collar: modern traditional collar with the tips pointed outwards, allowing for tie knots of all sizes; can be worn with or without neckwear","Adjustable cuff: two button positions allow for a more customized, improved fit","Chest pocket: classic design holds all your essentials",,,,"true",,"$","24.75",,"$","79.58",,,"4890","/Van-Heusen-Regular-Collar-Stretch/product-reviews/B07RHQ15R1/ref=cm_cr_dp_d_show_all_btm?ie=UTF8&reviewerType=all_reviews",,,"4.5",,"https://images-na.ssl-images-amazon.com/images/I/61zMwXh0DgL.__AC_SX342_SY445_QL70_FMwebp_.jpg","Van Heusen Men's Dress Shirt Regular Fit Flex Collar Stretch Solid","https://www.amazon.com/dp/B07RHQ15R1","B07KBB3FHP","B07MLT6DZ7","B07RLXJ8WZ","B07RJTC291","B07LBG1BZ5","B07KB4Y55V","B07MFFQTPM","B07RHPYJQS","B07MFDSZH1","B0979JMNRT","B08G9WWYHM","B07MFFQW9F",,,,,,,,,,,,,,,,,,,,,,,,,,,,,,,,,"Size","","Color","White",,
"100","B0B6GPNH95","Columbia","Clothing, Shoes & Jewelry › Men › Clothing › Active › Active Shirts & Tees › T-Shirts",,"Columbia's PFG line is loved by everyone, but specifically designed with anglers in mind. Its comfort and functionality make this Columbia Men's PFG Bahama II Long Sleeve Shirt a first choice for enjoying a day out on the water and in the sun. The high quality materials used to craft this men's fishing shirt are what make it so special, while its modern classic fit speak to style and comfort. The Bahama II Long Sleeve fishing shirt features some of Columbia's best sun protection technology to help prevent skin damage while outdoors. The fabric is crafted of UPF 30 to protect against harmful UVA and UVB rays, sunburns, and long-term skin damage. The mesh-lined back vents add breathability to the shirt to ensure comfort even when things get hot; the 100% nylon fabric is lightweight and dries quickly to keep you cool. Lastly, this long sleeve shirt's utility features make fishing life a little easier with a rod holder, multiple low-profile pockets, and adjustable roll-up sleeves. Columbia's long sleeve fishing shirt comes in many size categories and colors as well. To ensure the size you choose is right, utilize our sizing chart and the following measurement instructions: For the sleeves, start at the center back of your neck and measure across the shoulder and down to the sleeve. If you come up with a partial number, round up to the next even number. For the chest, measure at the fullest part of the chest, under the armpits and over the shoulder blades, keeping the tape measure firm and level.",,"100% Nylon","Imported","SUN PROTECTION: Columbia Men's PFG Bahama II Long Sleeve fishing shirt features our signature UPF 30 fabric that helps to blocks UVA and UVA rays to help prevent sunburns and skin damage during long hours in the sun.","HANDY FEATURES: This long sleeve fishing shirt features two handy chest pockets with velcro closure for convenient storing and roll-up sleeves.","COMFORT & BREATHABILITY: Hidden vents at the shoulders and 100% nylon quick dry fabric make for a shirt that's breathable and comfortable during any outdoor activity.","RELAXED FIT: A relaxed, lightweight fit make this fishing shirt the ultimate choice for casual days outside as well as for activity out on the water.","OMNI-SHADE: Be safe and protected. Omni-Shade blocks UVA and UVB rays to help prevent sunburns and long-term skin damage. The tight weave construction with UV absorbent yarns block the full spectrum of harmful UV rays.",,,,,,"true",,"$","22.96",,"$","118.87",,,"7207","/Columbia-Bahama-Sleeve-Fishing-Shirt/product-reviews/B0B6GPNH95/ref=cm_cr_dp_d_show_all_btm?ie=UTF8&reviewerType=all_reviews",,,"4.7",,"https://images-na.ssl-images-amazon.com/images/I/61Ssk3dMRLL.__AC_SX300_SY300_QL70_FMwebp_.jpg","Columbia Men's Bahama Ii UPF 30 Long Sleeve PFG Fishing Shirt","https://www.amazon.com/dp/B0B6GPNH95","B07J4ZTH91","B089K6VNHS","B07RDR3HRQ","B07R6Y8VVD","B07RDR3HS8","B07RCD17K1","B07RDSM1SL","B01MZ2GD1H","B01GU8NSCM","B07R6YCQ8X","B018IOLL8Y","B0026IQXX2","B089L92LMG","B000BB8P78","B01A6ZG5HA","B089K8KHSM","B072JGC8MG","B089L9962B","B07J57D4ZB","B07J5JC845","B00AB1SQKO","B00DNNOJB2","B096D4S23P","B0089PH4Z2","B08N1MFQ6G","B0089PH2KO","B077PHHB8B","B00264ZT8G","B01AAJOZH4","B089K7FX9D",,,,,,,,,,,,,,,"Color","White","Size","",,
"12","B0B47WQK6J","POLO RALPH LAUREN","Clothing, Shoes & Jewelry › Men › Clothing › Underwear › Boxers",,"This three-pack features Classic Fit boxers made from lightweight cotton in a selection of classic colors.",,,,,,,,,,,,,,"true",,"$","25.43",,"$","60",,,"3764","/POLO-RALPH-LAUREN-Classic-Cotton/product-reviews/B0B47WQK6J/ref=cm_cr_dp_d_show_all_btm?ie=UTF8&reviewerType=all_reviews",,,"4.4",,"https://images-na.ssl-images-amazon.com/images/I/81CyWXW-0QL.__AC_SX342_SY445_QL70_FMwebp_.jpg","POLO RALPH LAUREN Men's Classic Fit Cotton Woven Boxers 3-Pack","https://www.amazon.com/dp/B0B47WQK6J","B07FN3GWVV","B07FPPPDN8","B07GR24Q6B","B07GQWXK8L","B07FN1593T","B07GQWKNSM",,,,,,,,,,,,,,,,,,,,,,,,,,,,,,,,,,,,,,,"Size","","Color","Rimini Stripe/Cruise Navy, Muller Plaid/Cruise Navy, Cruise Navy/Sporting Royal",,
"71","B09WHCT7HP","Calvin Klein","Clothing, Shoes & Jewelry › Men › Clothing › Shirts › Dress Shirts",,"Long sleeve all cotton non iron Calvin Klein dress shirt",,"100% Cotton","Imported","Button closure","Machine Wash","Wicking: Designed to wick moisture away from the body to help you feel cool and dry. Non-Iron Fabric: Resists wrinkles to keep you looking crisp all day; easy care, no ironing necessary.","Slim Fit: Modern fit with a tapered body and slimmer sleeves for a sleek look that flatters most body shapes","Point Collar: Classic collar thought to lengthen the face & allows for tie knot variety; can be worn with or without neckwear","Adjustable Cuff: Two button positions allow for a more customized, improved fit","No Pocket: Sleek, streamlined design offers a cleaner appearance",,,,"true",,"$","40.66",,"$","159",,,"5483","/Calvin-Klein-Dress-Non-iron-Herringbone/product-reviews/B09WHCT7HP/ref=cm_cr_dp_d_show_all_btm?ie=UTF8&reviewerType=all_reviews",,,"4.5",,"https://m.media-amazon.com/images/I/71KfwPp+eOL._AC_SX342_SY445_.jpg","Calvin Klein Men's Dress Shirt Slim Fit Non-iron Herringbone","https://www.amazon.com/dp/B09WHCT7HP","B08SR8CCCL","B01N4G12MB","B00RX4H3MO","B00Q3MXHIG","B0190UCM42","B00V4CNL7M","B00Q3MX6GE","B07KBDDP75","B01MY7VH3H","B0794F5VZ5","B00RX4I6XO","B076VWFDBH","B076VT4GJV","B07F33HJ2J","B08PPZD3KW",,,,,,,,,,,,,,,,,,,,,,,,,,,,,,"Size","","Color","White",,
"21","B07Q1CWGMM","Calvin Klein","Clothing, Shoes & Jewelry › Men › Clothing › Shirts › Dress Shirts",,,,,,,,,,,,,,,,"true",,"$","39.32",,"$","104.32",,,"1365","/Calvin-Klein-Dress-Shirt-Stretch/product-reviews/B07Q1CWGMM?reviewerType=all_reviews",,,"4.5",,"https://images-na.ssl-images-amazon.com/images/I/51WCYne89XL.__AC_SY445_SX342_QL70_FMwebp_.jpg","Calvin Klein Men's Dress Shirt Slim Fit Non Iron Stretch Solid","https://www.amazon.com/dp/B07Q1CWGMM","B07F35WHQM","B073ZMB4LL","B073ZNQBBZ","B07KB6LKRZ","B075X547X3","B0794GSLK7","B07FHDSQDV","B08G9Y8RG7","B08G9H5D7N","B07YQJJQQB","B07YQJM27X","B07MM2QCPG","B07F33HJ73",,,,,,,,,,,,,,,,,,,,,,,,,,,,,,,,"Size","","Color","White",,
"108","B076ZVW5X1","Albert Morris","Clothing, Shoes & Jewelry › Men › Clothing › Shirts › Polos",,"The ALBERT MORRIS Collection offers the best of both worlds. This set of four polo shirts includes all the favorites from the ALBERT MORRIS Polo Collections. ALBERT MORRIS polo shirts are a must-have for any man's wardrobe; Our polo shirts are a fashion trend and they pair well with any basic, casual, office or preppy outfit. All four classic polos boast a comfortable silhouette with a traditional two-button placket, stylish short sleeves, and an embroidered emblem on the chest.ALBERT MORRIS polo shirts are built to last. Constructed from a high-tech fabric, the shirts will not fade in the wash nor shrink in the dryer. This advanced moisture wicking material with UV sun protection, helps you stay dry and fresh all-day long. Reinforced ventilation holes in the underarms offer additional temperature control. Precision stitching ensures a high-quality finish.Give your wardrobe some added charm with the BUY WITH CONFIDENCE - 100% guaranteed to fit or your money back. Albert Morris prides itself on quality, style and comfort providing you with classic style shirts you’ll be proud to wear.",,,,,,,,,,,,,,"true",,"$","24.99",,"$","59.99",,,"6473","/Albert-Morris-Striped-Sleeve-Shirts/product-reviews/B076ZVW5X1/ref=cm_cr_dp_d_show_all_btm?ie=UTF8&reviewerType=all_reviews",,,"4.4",,"https://images-na.ssl-images-amazon.com/images/I/71tu6ABLDXL.__AC_SY445_SX342_QL70_ML2_.jpg","Albert Morris Mens Striped Short Sleeve Polo Shirts 4 Pack","https://www.amazon.com/dp/B076ZVW5X1","B07SQJPJLP","B096RF5RS6","B076963X4D","B078N643LY","B0782ZTGWB","B08M9RTL8G","B07F5P56MH","B07SLX2XP5","B077D1BQXQ","B07S79QWQ9","B08M9QG85Q","B07C7SKXKF","B08YVWYV1Q",,,,,,,,,,,,,,,,,,,,,,,,,,,,,,,,"Size","","Color","American Classic Stripe",,
"65","B07TMZ3GX4","Three Sixty Six","Clothing, Shoes & Jewelry › Men › Clothing › Shirts › Polos",,,,,,,,,,,,,,,,"true",,"$","44.95",,"$","66.03",,,"6760","/Three-Sixty-Six-Golf-Shirts/product-reviews/B07TMZ3GX4/ref=cm_cr_dp_d_show_all_btm?ie=UTF8&reviewerType=all_reviews",,,"4.6",,"https://images-na.ssl-images-amazon.com/images/I/81no4bDSkUL.__AC_SX342_SY445_QL70_FMwebp_.jpg","Three Sixty Six Golf Shirts for Men - Dry Fit Short-Sleeve Polo, Athletic Casual Collared T-Shirt","https://www.amazon.com/dp/B07TMZ3GX4","B07XSP59MN","B074H6LFGQ","B07WNZJ649","B08F3MWKGN","B01M23PYWF","B093QCQHGW","B07JGL66RD","B093QCJ1Z8","B07XSQLTX3","B09DKY5BQ8","B09N7BYS3G","B07WRVYFBF","B078MLMP9D","B07JFWTZ77","B09DKWLMTM","B07474H1F6","B07JG6NZ67","B078MH23YT","B07GDL7HG6","B09N7BDSQ9","B09N7C2RBG","B093QDD4DP","B08N6QVRL4","B079B7PKTT","B07XSGXNQ3","B01MF6VA1P","B06Y43W2TJ","B07XSD5RB6","B07WX6KLXQ","B079B9ZR35","B09DKZHXZ6","B07XSBYSVH","B09DKQZ6J9","B07GDKJCN4","B09N7DKW8J","B08F5GC391","B093QBMBWB","B09DKY1L6D","B08F3PL8TK","B093DD2M68",,,,,"Color","Pure Black","Size","",,
"47","B07XYR9W2V","Legendary Whitetails","Clothing, Shoes & Jewelry › Men › Clothing › Shirts › Casual Button-Down Shirts",,,,,,,,,,,,,,,,"true",,"$","24.26",,"$","79.99",,,"4691","/Legendary-Whitetails-Archer-Thermal-Flannel/product-reviews/B07XYR9W2V/ref=cm_cr_dp_d_show_all_btm?ie=UTF8&reviewerType=all_reviews",,,"4.5",,"https://images-na.ssl-images-amazon.com/images/I/81aOfcxPSKL.__AC_SY445_SX342_QL70_FMwebp_.jpg","Legendary Whitetails Men's Archer Thermal Lined Flannel Shirt Jacket","https://www.amazon.com/dp/B07XYR9W2V","B08P3ZKRN6","B08P3Y6M1T","B08P3W951H","B0964PPPPV","B08P3XV626","B08P3ZBY31","B08P3Y5VC3","B08P3YYKVD","B08P41GSXR","B08P416D3W",,,,,,,,,,,,,,,,,,,,,,,,,,,,,,,,,,,"Size","","Color","Balsam Shadow Plaid",,
"261","B09DPVPZHY","Gildan","Clothing, Shoes & Jewelry › Men › Clothing › Shirts › T-Shirts",,,,,,,,,,,,,,,,"true",,"$","9.1",,"$","129.16",,,"120340","/Gildan-Cotton-Sleeve-T-Shirt-Multipack/product-reviews/B09DPVPZHY/ref=cm_cr_dp_d_show_all_btm?ie=UTF8&reviewerType=all_reviews",,,"4.5",,"https://images-na.ssl-images-amazon.com/images/I/71tMfed8nPL.__AC_SY445_SX342_QL70_FMwebp_.jpg","Gildan Men's Ultra Cotton Long Sleeve T-Shirt, Style G2400, Multipack","https://www.amazon.com/dp/B09DPVPZHY","B096W7V18D",,,,,,,,,,,,,,,,,,,,,,,,,,,,,,,,,,,,,,,,,,,,"Number of Items","10","Color","","Size",""
"165","B09WHT2TCV","Columbia","Clothing, Shoes & Jewelry › Men › Clothing › Active › Active Shirts & Tees › Button-Down Shirts",,,,"100% Nylon","Imported","OMNI-SHADE: UV protection at its best, Omni-Shade materials block UVA and UVB rays to help prevent sunburns and long-term skin damage. The tight weave construction offers lasting sun protection against the full spectrum of sunshine","FISH EASY: Designed specifically for anglers, this lightweight, relaxed fit, nylon shirt dries fast, keeps you cool, and protects against harmful UV light","BREEZY COOL: Mesh-lined back vents let in and out a cooling breeze—perfect in hot, humid weather","PERFORMANCE DETAILS: A rod holder provides hands-free convenience, and four chest pockets with hook-and-loop closures help store your small essentials","BUILT TO LAST: Columbia’s attention to detail is what sets our apparel apart. Specifying only the highest quality materials, expert stitching and craftsmanship. This is a long-lasting shirt you will enjoy for seasons to come",,,,,,"true",,"$","18.28",,"$","136.66",,,"18445","/Columbia-Bahama-Short-Sleeve-Fishing/product-reviews/B09WHT2TCV?reviewerType=all_reviews",,,"4.7",,"https://images-na.ssl-images-amazon.com/images/I/61DPCjxDs6S.__AC_SX300_SY300_QL70_FMwebp_.jpg","Columbia Men's Bahama II UPF 30 Short Sleeve PFG Fishing Shirt","https://www.amazon.com/dp/B09WHT2TCV","B07RDSM1K7","B089L7HFQC","B096DMH2DR","B07RCV147J","B07R96649N","B07R6YDJVC","B07RCCXV1H","B07RCTY18Z","B0B1T1KCLD","B07R965GJH","B01GU7OLFQ","B089K7SFL8","B001BJHBD8","B089K6F1LY","B0002MGM7G","B089K9H856","B07RCV14BP","B0814RC9HS","B089KB3Q9Z","B07J4ZZG85","B000BMSX3I","B00AIW73WI","B0B1S2JZD5","B096DNS5GF","B07R821VKM","B0B1L2B5ZV","B07R821FPR","B001BJFB4E","B089L82WTP","B01GU7NE7M","B077PQVV2L","B01ABW96ZG","B072FVR5TG","B077PTKFH1","B001BJFB4Y","B01ABW9FPM","B01GU7ONFE","B00C40X5XI","B0058YQQZG","B01ABW9FIY","B01ABW9L5Q","B0050VK62Q","B0050VK4LO","B002NCOBEE","Color","Collegiate Navy","Size","",,
"18","B00UD3XO5C","Hanes","Clothing, Shoes & Jewelry › Men › Clothing › Underwear › Undershirts",,,,,,,,,,,,,,,,"true",,"$","14.65",,"$","54.98",,,"2897","/Hanes-Mens-Tall-V-Neck-T-Shirt/product-reviews/B00UD3XO5C/ref=cm_cr_dp_d_show_all_btm?ie=UTF8&reviewerType=all_reviews",,,"4.5",,"https://images-na.ssl-images-amazon.com/images/I/71gAJzrAZUL.__AC_SY445_SX342_QL70_FMwebp_.jpg","Hanes Men's Tall Man V-Neck T-Shirt (Pack of 3)","https://www.amazon.com/dp/B00UD3XO5C","B09QQQFX49","B09P1TBB6J","B09QQPPDCF","B09QQNRCBK","B09NMRWXDD",,,,,,,,,,,,,,,,,,,,,,,,,,,,,,,,,,,,,,,,"Size","","Color","White",,
"55","B07YYCVCCT","Van Heusen","Clothing, Shoes & Jewelry › Men › Clothing › Shirts › Dress Shirts",,,,,,,,,,,,,,,,"true",,"$","15",,"$","68.97",,,"5696","/Van-Heusen-Sleeve-Regular-Poplin/product-reviews/B07YYCVCCT/ref=cm_cr_dp_d_show_all_btm?ie=UTF8&reviewerType=all_reviews",,,"4.5",,"https://images-na.ssl-images-amazon.com/images/I/81xZkrSkl7L.__AC_SY445_SX342_QL70_FMwebp_.jpg","Van Heusen Men's Short Sleeve Dress Shirt Regular Fit Poplin Solid","https://www.amazon.com/dp/B07YYCVCCT","B00XJZE66W","B00HYEV7N4","B07CJVTS4B","B00BOXGITY","B00HYEUZGE","B00IODDN0Y","B07RKXWN39","B07CJVX5JY","B07CJLKB5B","B00GJB267O","B07KBCJDVC","B07KB3QK8R","B07RHPZK3R","B00HYEV504","B07P3FQXLQ","B00S81PC88","B0797CB4BC","B01N0TGXHK",,,,,,,,,,,,,,,,,,,,,,,,,,,"Size","","Color","White",,
"46","B07BHZ1748","Gildan","Clothing, Shoes & Jewelry › Men › Clothing › Shirts › T-Shirts",,,,,,,,,,,,,,,,"true",,"$","24.6",,"$","99.3",,,"1380","/Gildan-Mens-Ultra-Cotton-T-Shirt/product-reviews/B07BHZ1748/ref=cm_cr_dp_d_show_all_btm?ie=UTF8&reviewerType=all_reviews",,,"4.5",,"https://images-na.ssl-images-amazon.com/images/I/613XEnT8nSL.__AC_SY445_SX342_QL70_FMwebp_.jpg","Gildan Men's Ultra Cotton T-Shirt","https://www.amazon.com/dp/B07BHZ1748","B00YNJEC1M","B00YNJEOTC","B00YNJHTY4","B00YNJHJBM","B00K820J56","B00YNJF31A","B00YNJFDE2","B00YNJFO78","B00YNJFYQE","B00YNJGCJC","B00YNJGMGK","B00YNJHA5C","B00YNJHJIK","B00YNJIY66","B00YNJJ6VI","B00YNJJEZG","B00YNJJMU8","B00YNJJVPO","B00YNJFQNU","B00YNJG1J8","B00YNJGBDY","B00YNJGKNK","B00YNJGV6Q","B00YNJHQGA","B00YNJHZOS","B00YNJI97U","B00YNJIJ4S","B00YNJIVF0","B00YNJJ2ZS","B00YNJJLCM","B00YNJK1RQ","B00YNJKAP4","B00YNJKIRY","B00YNJH15G","B00YNJJUK0","B00YNJI0XS","B00YNJH606","B00YNJJC0S","B00YNJJCXK","B00YNJJWO4","B00YNJJDUC",,,,"Size","","Color","Safety Orange",,
,"B09RQ2NHSP","LULY YANG","",,,,,,,,,,,,,,,,"true",,"$","16.78",,"$","167.8",,,"3",,,,"5",,"https://images-na.ssl-images-amazon.com/images/I/61eyZEhTdfL.__AC_SY445_SX342_QL70_FMwebp_.jpg","LULY YANG DSP Men's Active Polo - Short Sleeve","https://www.amazon.com/dp/B09RQ2NHSP","B09RQ3YH57","B09T96NFHS","B09T8TGW5X",,,,,,,,,,,,,,,,,,,,,,,,,,,,,,,,,,,,,,,,,,"Package Quantity","10","Size","",,
"28","B08XPSN1P5","Tommy Hilfiger","Clothing, Shoes & Jewelry › Men › Clothing › Shirts › Casual Button-Down Shirts",,,,,,,,,,,,,,,,"true",,"$","69.99",,"$","149",,,"2005","/Tommy-Hilfiger-Sleeve-Oxford-Button/product-reviews/B08XPSN1P5/ref=cm_cr_dp_d_show_all_btm?ie=UTF8&reviewerType=all_reviews",,,"4.6",,"https://images-na.ssl-images-amazon.com/images/I/519R3d4BLcL.__AC_SY445_SX342_QL70_FMwebp_.jpg","Tommy Hilfiger Men's Long Sleeve Stretch Oxford Button Down Shirt in Custom Fit","https://www.amazon.com/dp/B08XPSN1P5","B07NFSZBTB","B078YFB1HQ","B0B6Z8LCVZ","B07NFSZTQK","B0855FFRX3","B0854RP928",,,,,,,,,,,,,,,,,,,,,,,,,,,,,,,,,,,,,,,"Size","","Color","Tommy White",,
"66","B09M6T5QNH","Gildan","Clothing, Shoes & Jewelry › Men › Clothing › Shirts › T-Shirts",,"Gildan is one of the world's largest vertically integrated manufacturers of apparel and socks. Gildan uses cotton grown in the USA, which represents the best combination of quality and value for Gildan cotton and cotton blended products. Since 2009, Gildan has proudly displayed the cotton USA mark, licensed by cotton council international, on consumer's product packaging and shipping materials. Gildan environmental program accomplishes two core objectives: reduce our environmental impact and preserve the natural Resources being used in our manufacturing process. At all operating levels, Gildan is aware of the fact that we operate as a part of a greater unit: the environment in which we live and work.",,,,,,,,,,,,,,"true",,"$","8.28",,"$","54.7",,,"20607","/Gildan-mens-G500/product-reviews/B09M6T5QNH/ref=cm_cr_dp_d_show_all_btm?ie=UTF8&reviewerType=all_reviews",,,"4.6",,"https://m.media-amazon.com/images/I/71jWVlA8u+L._AC_SY445_SX342_.jpg","Gildan Men's G500","https://www.amazon.com/dp/B09M6T5QNH","B00YNR1DQQ","B00YNQZJGC","B00YNR0YN4","B00YNR1DIY","B00YNR1MEO","B00YNQXYZ0","B00YNR0CNQ","B00YNQZO58","B00YNR01TG","B00YNR0LD2","B00YNR1762","B00YNQXP5E","B00YNQY5YO","B00YNQYRMO","B00YNQZQLA","B00YNR0NM6","B00YNQY0JE","B00K825JLK","B00YNQYY7M","B00YNR0FT2","B00YNQZ10Q","B00YNR0HOK","B00YNR0VD2","B07CX29FLX","B00YNQY5WQ","B00YNQYQ2A","B00YNQZCR8","B00YNR07UO","B00YNR0U1K","B00YNQYL52","B00YNQZ4C6","B00YNQZISQ","B00YNQZWNM","B00YNR03GW","B00YNR05EC","B011QQE1HE",,,,,,,,,"Size","","Color","White (12-pack)",,
"155","B08ZRX3WQX","Van Heusen","Clothing, Shoes & Jewelry › Men › Clothing › Shirts › Dress Shirts",,,,,,,,,,,,,,,,"true",,"$","17.75",,"$","93.47",,,"27654","/Van-Heusen-Dress-Regular-Poplin/product-reviews/B08ZRX3WQX/ref=cm_cr_dp_d_show_all_btm?ie=UTF8&reviewerType=all_reviews",,,"4.5",,"https://images-na.ssl-images-amazon.com/images/I/31Jti0pl-cL.__AC_SY445_SX342_QL70_ML2_.jpg","Van Heusen Men's Dress Shirt Regular Fit Poplin Solid","https://www.amazon.com/dp/B08ZRX3WQX","B00AJOU2BY","B00AJOUQI8","B06XW4FYQK","B06XW4BZC9","B06XXJ2ZJ5","B06XXFSV42","B06XXK41V2","B06XXHN5M9","B07F39C8RB","B07F3DKVMC","B07F382YB9","B07F3DLRGR","B07F3PS79Z","B07F3DLH8G","B07F3CYDKX","B07F3CZ35X","B07F3F81BM","B009ESZFG8","B06XWJ8XMP","B07F3F87L4","B076VT4P5C","B07F3DLQX9","B076VT4P6N",,,,,,,,,,,,,,,,,,,,,,"Size","","Color","Cameo Blue",,
"281","B09DPSCNSY","Gildan","Clothing, Shoes & Jewelry › Men › Clothing › Shirts › T-Shirts",,,,,,,,,,,,,,,,"true",,"$","8.25",,"$","96.34",,,"76099","/Gildan-Cotton-T-Shirt-G2000-Multipack/product-reviews/B09DPSCNSY/ref=cm_cr_dp_d_show_all_btm?ie=UTF8&reviewerType=all_reviews",,,"4.5",,"https://images-na.ssl-images-amazon.com/images/I/61-U978JDcL.__AC_SY445_SX342_QL70_ML2_.jpg","Gildan Men's Ultra Cotton T-Shirt, Style G2000, Multipack","https://www.amazon.com/dp/B09DPSCNSY","B096W7MM53",,,,,,,,,,,,,,,,,,,,,,,,,,,,,,,,,,,,,,,,,,,,"Number of Items","10","Color","","Size",""
"50","B0B6DPK2G3","Lacoste","Clothing, Shoes & Jewelry › Men › Clothing › Shirts › Polos",,,,,,,,,,,,,,,,"true",,"$","38.62",,"$","142.5",,,"3154","/Lacoste-Classic-Short-Sleeve-L-12-12/product-reviews/B0B6DPK2G3/ref=cm_cr_dp_d_show_all_btm?ie=UTF8&reviewerType=all_reviews",,,"4.4",,"https://images-na.ssl-images-amazon.com/images/I/71ZD4WvyfBL.__AC_SX342_SY445_QL70_FMwebp_.jpg","Lacoste Men's Classic Short Sleeve Piqué L.12.12 Polo Shirt","https://www.amazon.com/dp/B0B6DPK2G3",,,,,,,,,,,,,,,,,,,,,,,,,,,,,,,,,,,,,,,,,,,,,"Size","","Color","",,
"57","B07JWKRDP6","Hanes","Clothing, Shoes & Jewelry › Men › Clothing › Shirts › T-Shirts",,"The Hanes men's ComfortSoft t-shirt is a perfect balance of affordability and comfort. This quality, comfortable t-shirt comes in a variety of 20 colors and offers a tag free neck label for superior comfort. Offered in a 6-pack for easy shopping and convenience",,"100% Cotton","Imported","No Closure closure","Machine Wash","THE COMFORT OF COTTON – 5.2-oz. medium-weight cotton for exceptional softness against your skin that gets softer with each washing.","BUILT TO LAST – Double-needle stitching at the sleeves for durability.","MADE TO LAST – Preshrunk cotton holds its size and shape, wash after wash.","STAY-FLAT CREWNECK - Not every crewneck is the same - this one stays flat and stays in shape.","STOCK-UP 6-PACK – Convenient 6-packs of one color make it easy to keep plenty of your favorite tees on hand.","TEAR-AWAY TAG - Removes easily so no itchy tag to annoy you.","QUALITY FABRIC – Hanes essential short-sleeve tee is 100% cotton (ash is 99% cotton/1% polyester; light steel is 90% cotton/10% polyester)","COLD WATER WASH – Hanes recommends machine washing this t-shirt in cold water to help reduce energy consumption.","true",,"$","19.99",,"$","54.51",,,"22456","/Hanes-ComfortSoft-Short-Sleeve-T-Shirt/product-reviews/B07JWKRDP6/ref=cm_cr_dp_d_show_all_btm?ie=UTF8&reviewerType=all_reviews",,,"4.5",,"https://images-na.ssl-images-amazon.com/images/I/71bbbU1vJrL.__AC_SY445_SX342_QL70_FMwebp_.jpg","Hanes Men's T-Shirt Pack, Essential-T Cotton T-Shirt 6-Pack, Hanes-Our Best Short Sleeve Tee, Super Soft Cotton, Multipack","https://www.amazon.com/dp/B07JWKRDP6","B016APVEFI","B07JGCXY7K","B016APVEFS","B016APVES0","B016APVEXK","B01KNM3AH4",,,,,,,,,,,,,,,,,,,,,,,,,,,,,,,,,,,,,,,"Size","","Color","Black",,
"23","B07C36GTQT","Calvin Klein","Clothing, Shoes & Jewelry › Men › Clothing › Shirts › T-Shirts",,"Calvin Klein Men's Cotton Stretch V-Neck Classic Fit T-Shirt - 3-pack",,,,,,,,,,,,,,"true",,"$","21.99",,"$","59.99",,,"2372","/Calvin-Klein-Stretch-Classic-T-Shirt/product-reviews/B07C36GTQT/ref=cm_cr_dp_d_show_all_btm?ie=UTF8&reviewerType=all_reviews",,,"4.4",,"https://images-na.ssl-images-amazon.com/images/I/515s4skus9S.__AC_SY445_SX342_QL70_FMwebp_.jpg","Calvin Klein Cotton Stretch V-Neck, Classic Fit T-Shirt, Men's (3-pack) (White or Black)","https://www.amazon.com/dp/B07C36GTQT","B076VXCJ37","B076VXHYKW",,,,,,,,,,,,,,,,,,,,,,,,,,,,,,,,,,,,,,,,,,,"Size","","Color","White",,
,"B09RQ2NHSP","LULY YANG","",,"Quick dry prime blue active polo. Maximizes comfort and performance. 55% Cotton, 45% Polyester.",,,,,,,,,,,,,,"true",,"$","16.78",,"$","167.8",,,"3",,,,"5",,"https://images-na.ssl-images-amazon.com/images/I/51YwbJnLx1L.__AC_SY445_SX342_QL70_FMwebp_.jpg","LULY YANG DSP Men's Active Polo - Short Sleeve","https://www.amazon.com/dp/B09RQ2NHSP","B09RQ3YH57","B09T96NFHS","B09T8TGW5X",,,,,,,,,,,,,,,,,,,,,,,,,,,,,,,,,,,,,,,,,,"Package Quantity","3","Size","",,
"7","B0979WYKVN","Van Heusen","Clothing, Shoes & Jewelry › Men › Clothing › Shirts › Dress Shirts",,,,,,,,,,,,,,,,"true",,"$","24",,"$","84.15",,,"576","/Van-Heusen-Regular-Wrinkle-Stretch/product-reviews/B0979WYKVN?reviewerType=all_reviews",,,"4.6",,"https://images-na.ssl-images-amazon.com/images/I/51gCsvPMb2S.__AC_SX342_SY445_QL70_FMwebp_.jpg","Van Heusen Men's Dress Shirt Regular Fit Ultra Wrinkle Free Flex Collar Stretch","https://www.amazon.com/dp/B0979WYKVN","B0979J8KQ5","B0979GL6GY","B0979DVFLP","B0979JGMR8","B0979HD9R3","B09QVBV1RD","B09QVQTXJJ","B09QVHMB7W","B09QVPJNFH","B09QVHX2FS","B09QVQPNC1","B09QVC62GJ","B0979JS8FG","B09QVLN43Y","B0979JSZ5V","B09QV4KK8G","B09QVGT2GF","B09QVSK6NQ","B09QVJBZBN","B09QVBRJCX","B09QVPKNQ3","B0979JKNYJ","B0979JMW7H","B0979HS9VD","B0979H138V","B0979GL6GM","B0979F3NFW","B0979HZFB2","B0979JQ3PZ",,,,,,,,,,,,,,,,"Size","","Color","White",,
"14","B09J24LHCX","Hanes Ultimate","Clothing, Shoes & Jewelry › Men › Clothing › Underwear › Undershirts",,,,,,,,,,,,,,,,"true",,"$","23.8",,"$","50.59",,,"3063","/Hanes-Ultimate-Tagless-Undershirt-4-pack-Multiple-Colors/product-reviews/B09J24LHCX/ref=cm_cr_dp_d_show_all_btm?ie=UTF8&reviewerType=all_reviews",,,"4.4",,"https://m.media-amazon.com/images/I/51MaQxWaivL._AC_SX342_SY445_.jpg","Hanes Ultimate Men's Ultimate Tagless Slim Fit Crew Undershirt-4-pack-Multiple Colors (All Black, All White)","https://www.amazon.com/dp/B09J24LHCX","B00UOO7LFY","B00V688L10",,,,,,,,,,,,,,,,,,,,,,,,,,,,,,,,,,,,,,,,,,,"Number of Items","4","Color","4 Pack - White","Size",""
