"answeredQuestions","asin","brand","breadCrumbs","delivery","description","fastestDelivery","features/0","features/1","features/2","features/3","features/4","features/5","features/6","features/7","features/8","features/9","features/10","features/11","features/12","features/13","features/14","inStock","listPrice","listPrice/currency","listPrice/value","price","price/currency","price/value","priceVariants","returnPolicy","reviewsCount","reviewsLink","savedPrice","shippingPrice","stars","support","thumbnailImage","title","url","variantAsins/0","variantAsins/1","variantAsins/2","variantAsins/3","variantAsins/4","variantAsins/5","variantAsins/6","variantAsins/7","variantAsins/8","variantAsins/9","variantAsins/10","variantAsins/11","variantAsins/12","variantAsins/13","variantAsins/14","variantAsins/15","variantAsins/16","variantAsins/17","variantAsins/18","variantAsins/19","variantAsins/20","variantAsins/21","variantAsins/22","variantAsins/23","variantAsins/24","variantAsins/25","variantAsins/26","variantAsins/27","variantAsins/28","variantAsins/29","variantAsins/30","variantAsins/31","variantAsins/32","variantAsins/33","variantAsins/34","variantAsins/35","variantAttributes/0/key","variantAttributes/0/value","variantAttributes/1/key","variantAttributes/1/value","variantAttributes/2/key","variantAttributes/2/value"
"9","B09915RBSW","Portwest","Clothing, Shoes & Jewelry › Men › Uniforms, Work & Safety › Clothing › Work Utility & Safety › Outerwear",,,,,,,,,,,,,,,,,,,"true",,"$","41.99",,"$","46.99",,,"630","/Portwest-Mens-Raincoat-rain-Coat/product-reviews/B09915RBSW/ref=cm_cr_dp_d_show_all_btm?ie=UTF8&reviewerType=all_reviews",,,"4.6",,"https://m.media-amazon.com/images/I/711+vz7G9vL._AC_SY445_SX342_.jpg","Portwest Men's Raincoat,rain Coat","https://www.amazon.com/dp/B09915RBSW",,,,,,,,,,,,,,,,,,,,,,,,,,,,,,,,,,,,,"Size","","Color","Yellow",,
"24","B08SKCXDLH","AMKsedom","Clothing, Shoes & Jewelry › Men › Clothing › Jackets & Coats › Trench & Rain",,,,,,,,,,,,,,,,,,,"true",,"$","27.78",,"$","29.78",,,"1537","/Waterproof-Breathable-Eye-Catching-Reflective-Durable/product-reviews/B08SKCXDLH?reviewerType=all_reviews",,,"4.2",,"https://images-na.ssl-images-amazon.com/images/I/61MWfyX4mUL.__AC_SY445_SX342_QL70_FMwebp_.jpg","Rain Suits for Men Women Waterproof, Breathable Rain Coats with Eye-Catching Reflective Strip, Durable Rain Gear Jacket Pants","https://www.amazon.com/dp/B08SKCXDLH","B08SHCHSNZ","B09B77X4R8","B099ZJCVBL",,,,,,,,,,,,,,,,,,,,,,,,,,,,,,,,,,"Size","","Color","Black",,
"127","B07BN7D18Q","","Clothing, Shoes & Jewelry › Men › Clothing › Jackets & Coats › Down & Down Alternative",,"Amazon Essentials is focused on creating affordable, high-quality, and long-lasting everyday clothing you can rely on. Our line of men’s must-haves includes polo shirts, chino pants, classic-fit shorts, casual button-downs, and crew-neck tees. Our consistent sizing takes the guesswork out of shopping, and each piece is put to the test to maintain the highest standards in quality and comfort.",,"100% Polyester","Imported","Zipper closure","Machine Wash","Easy through chest and tapered through waist","Water-resistant, durable fabric with filling for warmth","Hooded design","Full-length zippered closure at front","An Amazon brand",,,,,,,"true",,"$","13.99",,"$","43.6",,,"7039","/Amazon-Essentials-Lightweight-Water-Resistant-Packable/product-reviews/B07BN7D18Q/ref=cm_cr_dp_d_show_all_btm?ie=UTF8&reviewerType=all_reviews",,,"4.5",,"https://images-na.ssl-images-amazon.com/images/I/81TnIAEZoBS.__AC_SY445_SX342_QL70_FMwebp_.jpg","Amazon Essentials Men's Lightweight Water-Resistant Packable Hooded Puffer Jacket","https://www.amazon.com/dp/B07BN7D18Q","B085YL1MMK","B07BN72SZ5","B085YKKZ4M","B08SS8622H","B07BN782DS","B08SS2CQL7","B08SS84J2X","B08SS4GP25","B08SS8623C","B08SSB2NFJ","B08SS2CW2R","B08SS4G7S5","B09RFP4CWT","B08SS8MDPY","B08SS81RBF","B085YKP5H7","B07BN7GC8Q","B07BN782CS","B085YLCHX1","B085YLDYWG","B085YL5966","B07C8XSWH6",,,,,,,,,,,,,,,"Size","","Color","Black",,
"105","B079GFG7SW","Global Blank","Clothing, Shoes & Jewelry › Men › Clothing › Jackets & Coats › Lightweight Jackets › Windbreakers",,,,,,,,,,,,,,,,,,,"true",,"$","29.99",,"$","41.99",,,"5768","/Global-Hooded-Lightweight-Windbreaker-Resistant/product-reviews/B079GFG7SW?reviewerType=all_reviews",,,"4.2",,"https://images-na.ssl-images-amazon.com/images/I/81lEbWZEEaL.__AC_SY445_SX342_QL70_FMwebp_.jpg","Global Blank Lightweight Winter Water-Resistant Windbreaker, Zip-Up Hoodie Jacket for Men and Women","https://www.amazon.com/dp/B079GFG7SW","B079GBK5Q3","B079GJXYZL","B079G9SLVL","B079G8HPDS","B07CZLTBSV","B07D4NRWVM","B07ZJSW2VL","B08B1C58R7","B089ZWVLXY","B089ZXWKXX","B08B12D82J","B08B14ZDP1","B08B11RM5K","B08177P35V","B08175GSZS","B081762913","B081D76H7P","B081D7VHND","B07M658N45",,,,,,,,,,,,,,,,,,"Color","Black","Size","",,
"72","B01L0KQ1WO","Wrangler Authentics","Clothing, Shoes & Jewelry › Men › Clothing › Jackets & Coats › Fleece",,,,,,,,,,,,,,,,,,,"true",,"$","24.99",,"$","27.33",,,"19101","/Wrangler-Authentics-Sweater-Fleece-Quarter-Zip/product-reviews/B01L0KQ1WO?reviewerType=all_reviews",,,"4.5",,"https://m.media-amazon.com/images/I/A1X74ZCjO+L._AC_SX342_SY445_.jpg","Wrangler Authentics Men's Long Sleeve Fleece Quarter-Zip","https://www.amazon.com/dp/B01L0KQ1WO","B01L0KRO2K","B01L0KSQOK","B01L0KR35S","B07RW8CW74","B0B8F6VHGL","B0B8F5LJ1M","B07RW8FCFC",,,,,,,,,,,,,,,,,,,,,,,,,,,,,,"Size","","Color","Light Heather Gray",,
"20","B07NRYKNY4","Saukiee","Clothing, Shoes & Jewelry › Men › Clothing › Jackets & Coats › Vests",,,,,,,,,,,,,,,,,,,"true",,"$","23.99",,"$","32.99",,,"928","/Saukiee-Casual-Jacket-Vintage-Sleeveless/product-reviews/B07NRYKNY4?reviewerType=all_reviews",,,"4.5",,"https://images-na.ssl-images-amazon.com/images/I/716z72Lx00L.__AC_SY445_SX342_QL70_FMwebp_.jpg","Saukiee Men's Casual Lapel Denim Vest Jacket Vintage Slim Fit Sleeveless Ripped Jeans Vests","https://www.amazon.com/dp/B07NRYKNY4","B07VW3413R","B07Q2GFCBT","B07Q2FC29R","B09T38L8GD",,,,,,,,,,,,,,,,,,,,,,,,,,,,,,,,,"Size","","Color","Light Blue",,
"193","B0738J92CM","","Clothing, Shoes & Jewelry › Men › Clothing › Jackets & Coats › Fleece",,,,,,,,,,,,,,,,,,,"true",,"$","16.07",,"$","29.2",,,"30820","/Amazon-Essentials-Full-Zip-Fleece-Jacket/product-reviews/B0738J92CM/ref=cm_cr_dp_d_show_all_btm?ie=UTF8&reviewerType=all_reviews",,,"4.5",,"https://images-na.ssl-images-amazon.com/images/I/81McI2xG3NS.__AC_SY445_SX342_QL70_FMwebp_.jpg","Amazon Essentials Men's Full-Zip Polar Fleece Jacket","https://www.amazon.com/dp/B0738J92CM","B073GB8RWM","B096YKDLV5","B073GB8RWM","B079LSRMJ4","B07NZ8BHG8","B073GB8RWQ","B085YX376K","B0738G2241","B079LNQM9Z","B0738H6TF9","B07NYB2PCV","B085YX377V","B07NZ89WBR","B08SX5KK7H","B08SX3XSG2","B08SX5LKC3","B08SX3L64S","B085YVSLF5","B08SX7M38R","B08SX52CW4","B08SX2F3WH","B085YX4V9L","B085YVWSM6","B08SX5VCG5","B085YV53N7","B08SX2CGFM","B08SX5B7W8","B08SX2F81W","B08SX5B82T","B073G89ZV4","B085YVSQDQ","B085YZMQ4G","B07P3N64TS","B0738GHKNP","B085YX6RLD","B079LWSL7W","Material Type","Polyester","Color","Black","Size",""
"46","B08Y1LFTKN","","Clothing, Shoes & Jewelry › Men › Clothing › Jackets & Coats › Leather & Faux Leather",,,,,,,,,,,,,,,,,,,"true",,"$","39.94",,"$","47.99",,,"1093","/Fahsyee-Leather-Jackets-Motorcycle-Asymmetric/product-reviews/B08Y1LFTKN?reviewerType=all_reviews",,,"4.3",,"https://images-na.ssl-images-amazon.com/images/I/7192mg0t73L.__AC_SX342_SY445_QL70_FMwebp_.jpg","Fahsyee Leather Jackets for Men, Faux Bomber Jacket Men Motorcycle Lapel Asymmetric Zip-Up Blet Slim Fit Biker Coat","https://www.amazon.com/dp/B08Y1LFTKN","B08BCDVBB7","B093GDCWMK","B0B68TGSJX","B0B2WBYXNM",,,,,,,,,,,,,,,,,,,,,,,,,,,,,,,,,"Color","Black","Size","",,
"4","B07C8GZTLD","Port Authority","Clothing, Shoes & Jewelry › Men › Clothing",,"Style #: F218 You'll appreciate the comfort (and the value) of this soft midweight pullover all year round. 13.8-ounce 100% polyester Twill-taped neck Reverse coil zipper Chin guard Bungee cord zipper pull Open cuffs Open hem with drawcord and toggles for adjustability",,"100% Polyester","Made in the USA or Imported","Zipper closure","F218 13.8-ounce 100% polyester","Twill-taped neck","Reverse coil zipper","Chin guard","Bungee cord zipper pull",,,,,,,,"true",,"$","23.98",,"$","44.12",,,"249","/Port-Authority-Value-Fleece-Pullover/product-reviews/B07C8GZTLD/ref=cm_cr_dp_d_show_all_btm?ie=UTF8&reviewerType=all_reviews",,,"4.3",,"https://images-na.ssl-images-amazon.com/images/I/81GbqFEp7nL.__AC_SY445_SX342_QL70_FMwebp_.jpg","Port Authority Men's Value Fleece 1/4 Zip Pullover","https://www.amazon.com/dp/B07C8GZTLD","B00FPUYMGI","B0085RG9F0","B0085RG32Y","B008LM4HLC",,,,,,,,,,,,,,,,,,,,,,,,,,,,,,,,,"Size","","Color","Iron Grey",,
"12","B09LLRLNSK","PTEROMY","Clothing, Shoes & Jewelry › Men › Clothing › Jackets & Coats › Trench & Rain","Friday, September 30",,,,,,,,,,,,,,,,,,"true",,,,,,,,"Eligible for Return, Refund or Replacement within 30 days of receipt","1084","/PTEROMY-Lightweight-Raincoat-Camping-Fishing/product-reviews/B09LLRLNSK/ref=cm_cr_dp_d_show_all_btm?ie=UTF8&reviewerType=all_reviews",,,"4.7",,"https://images-na.ssl-images-amazon.com/images/I/61UYK2XEqKL.__AC_SY445_SX342_QL70_FMwebp_.jpg","PTEROMY Hooded Rain Poncho for Adult with Pocket, Waterproof Lightweight Unisex Raincoat for Hiking Camping Emergency","https://www.amazon.com/dp/B09LLRLNSK","B09LLW2Q4R","B09LLRLNSK","B09LM5GWDG","B09LLQ8W6M","B09LLPGMW8","B09LLHQKN3","B09LLHRW4X","B09LLVW8Q8",,,,,,,,,,,,,,,,,,,,,,,,,,,,,"Size","One Size","Color","Blue",,
"3","B087Q497B9","adidas","Clothing, Shoes & Jewelry › Men › Clothing › Jackets & Coats › Active & Performance › Insulated",,,,,,,,,,,,,,,,,,,"true",,"$","23.57",,"$","79.95",,,"1974","/adidas-mens-Tiro-Track-Jacket/product-reviews/B087Q497B9/ref=cm_cr_dp_d_show_all_btm?ie=UTF8&reviewerType=all_reviews",,,"4.6",,"https://images-na.ssl-images-amazon.com/images/I/916pGrtW0WL.__AC_SY445_SX342_QL70_FMwebp_.jpg","adidas Men's Tiro 21 Track Jacket","https://www.amazon.com/dp/B087Q497B9","B087C3NP5T","B087C3KJSM","B091JYL7KR","B087C3R23Z","B089KCQZRY","B09MDDKK2N",,,,,,,,,,,,,,,,,,,,,,,,,,,,,,,"Size","","Color","Black",,
"128","B075HS7F26","sandbank","Clothing, Shoes & Jewelry › Men › Clothing › Jackets & Coats › Lightweight Jackets › Varsity Jackets",,,,,,,,,,,,,,,,,,,"true",,"$","31.99",,"$","37.99",,,"7445","/sandbank-Lightweight-Softshell-Flight-Bomber/product-reviews/B075HS7F26/ref=cm_cr_dp_d_show_all_btm?ie=UTF8&reviewerType=all_reviews",,,"4.3",,"https://images-na.ssl-images-amazon.com/images/I/61V3Nw470rL.__AC_SY445_SX342_QL70_FMwebp_.jpg","sandbank Men's Slim Fit Lightweight Softshell Flight Bomber Jacket Coat","https://www.amazon.com/dp/B075HS7F26","B076CD81DW","B076CLSLDC","B076C2RTCJ","B07MDFVJP2","B09Y8P4RSB","B07MH1KQKG","B09YPPVDJL","B09P56XY97",,,,,,,,,,,,,,,,,,,,,,,,,,,,,"Color","Black #2","Size","",,
"64","B0738HBW89","","Clothing, Shoes & Jewelry › Men › Clothing › Jackets & Coats › Vests",,,,,,,,,,,,,,,,,,,"true",,"$","23.76",,"$","32.4",,,"8655","/Amazon-Essentials-Lightweight-Water-Resistant-Packable/product-reviews/B0738HBW89/ref=cm_cr_dp_d_show_all_btm?ie=UTF8&reviewerType=all_reviews",,,"4.5",,"https://images-na.ssl-images-amazon.com/images/I/81yypbjPLgS.__AC_SY445_SX342_QL70_FMwebp_.jpg","Amazon Essentials Men's Packable Lightweight Water-Resistant Puffer Vest","https://www.amazon.com/dp/B0738HBW89","B07BN43CMG","B085YKZJMV","B08SS99HX2","B07BN69FBP","B08SS4GC6W","B08SS4GJ5G","B08SS4GBR1","B08SS4F92L","B08SS4FRNW","B08SS4H8GX","B07C8YFYZD","B08SS2CW3S","B08SS9J15G","B08SS6KM1R","B085YKKZ23","B085YKNKLN","B07C8Y9JZH","B07BN4C7YF","B085YL5QM3","B085YL27QL","B085YKR37Y",,,,,,,,,,,,,,,,"Size","","Color","Black",,
"47","B07G3QLD7R","","Clothing, Shoes & Jewelry › Men › Clothing › Jackets & Coats › Trench & Rain","Fri, Sep 30",,"Tue, Sep 27","100% Polyester","Imported","Polyester lining","Pull On closure","Hand Wash Only","[Material]: 100% Polyester. Strong waterproof backing with heat-sealed seams, Waterproof, quick-drying, touched soft, comfortable, windproof.","[Strong Waterproof Function]: Made of high density polyester fabrics and combined with PU 3000MM waterproof / sandproof / windproof, processing delivers lasting durability; all seams go through a caulking treatment and keep you and your belongings dry.","[Features]: The length below the knee fully protects you from rain and snow; cuffs with snaps, side pocket, convenient for storing personal items such as keys and mobile phones.","[Care]: Wipe with a cloth, natural air drying.","[Occasions]: Suitable for camping, hiking, riding, biking, mountaineering, picnic, running, walking, traveling, dog walking, watching football games, and other outdoor activities and sports.",,,,,,"true",,,,,,,,"Eligible for Return, Refund or Replacement within 30 days of receipt","6798","/Rain-Poncho-Waterproof-Raincoat-Universe/product-reviews/B07G3QLD7R/ref=cm_cr_dp_d_show_all_btm?ie=UTF8&reviewerType=all_reviews",,,"4.6",,"https://images-na.ssl-images-amazon.com/images/I/61k7SoDfbdL.__AC_SY445_SX342_QL70_ML2_.jpg","Hooded Rain Poncho Waterproof Raincoat Jacket for Men Women Adults","https://www.amazon.com/dp/B07G3QLD7R","B0B62HGK2H","B0B62J62J1","B0B62HNYYR","B0B62JLH7H","B07Q3PB9D9","B07Q4MKCRG","B08ZXK5HCY","B082HCZFQP","B082HCXMS4","B08Q7761M5","B07Q7Y9CF9","B07G3SRXP2","B07NX5HWH3","B098DHF47Q","B0B1ZYNTVQ","B07G3QLD7R","B08ZXKZ99C","B0B3QP23X8","B0B3R7N7Z6","B0B616V17G","B0B6157B9D","B0B617RZY1","B0B6162K87","B0B6196TN3",,,,,,,,,,,,,"Color","B-universe(3 in 1)",,,,
"46","B0B5ZCW1KZ","Funny Guy Mugs","",,,,"Nylon","Zipper closure","Hand Wash Only","LOOK & FEEL THE 80's & 90's: A Must Have For Any 80's Or 90's Party!! Also Perfect For An Epic Windbreaker Family Photo!! When You Slip On This Windbreaker You Will Feel The Force Of The 80's & 90's Throughout Your Entire Body!","TRUE HIGH QUALITY WINDBREAKER: They Are Made Of 100% Durable Nylon To Maintain That True Retro Look & Feel, Not Cheap Sweaty Polyester!! The 80's & 90's Deserve The Best! Also Features 2 Convient Zippered Pockets To Keep Your Casette Tapes Or Other Belongings Secure!!","PRACTICAL & STYLISH: More To This Windbreaker Than A Gnarly Good Looking Party Acessorry!! The Jacket Is Unlined For A Versatile Lightweight Feel Perfect For A Night On The Town Or Run In The Park! The Jacket Is Also Waterproof, So The Wind & Rain Are No Match For This Windbreaker!!","A UNIQUE GIFT: Looking For A Unique Gift For Yourself Or A Gift For Someone Who Has Everything?? Need A White Elephant Gift? Your Search Is Over, This Windbreaker Is For YOU!","100% SATISFACTION GUARANTEE: Purchase This Windbreaker With Confidence Knowing This Official Funny Guy Mugs Creation Was Created To Last & Provide You A True Retro Look & Feel Or Your Money Back!!",,,,,,,,"true",,"$","48.99",,"$","49.99",,,"1914","/Funny-Guy-Mugs-Retro-Windbreaker/product-reviews/B0B5ZCW1KZ/ref=cm_cr_dp_d_show_all_btm?ie=UTF8&reviewerType=all_reviews",,,"4.5",,"https://images-na.ssl-images-amazon.com/images/I/91MAa2XVJVL.__AC_SY445_SX342_QL70_FMwebp_.jpg","Funny Guy Mugs 80s & 90s Retro Windbreaker","https://www.amazon.com/dp/B0B5ZCW1KZ","B06Y4HLZG8","B01J800MUK","B0171XNNRK","B07CZ2Z2BT","B0171XN44M","B07CZ3RRJP","B07CZ1GXKR","B01MTOJAQ7","B0171XN4YM","B07KKP8TFP","B07KKN5HSX","B0171XNI7U","B07YSVL5BG",,,,,,,,,,,,,,,,,,,,,,,,"Size","","Color","Like Totally Neon",,
"7","B09MPHVHVJ","JUDIGODR","Clothing, Shoes & Jewelry › Men › Clothing › Jackets & Coats › Vests",,,,,,,,,,,,,,,,,,,"true",,"$","23.99",,"$","32.99",,,"180","/JUDIGODR-Denim-Sleeveless-Ripped-Casual/product-reviews/B09MPHVHVJ/ref=cm_cr_dp_d_show_all_btm?ie=UTF8&reviewerType=all_reviews",,,"4.5",,"https://images-na.ssl-images-amazon.com/images/I/81EItKrWpVL.__AC_SY445_SX342_QL70_FMwebp_.jpg","JUDIGODR Denim Vest Men Lapel Sleeveless Slim Fit Retro Ripped Casual Jean Vest for Men's","https://www.amazon.com/dp/B09MPHVHVJ","B09MQHBKZ7","B0B9ZPX31T","B09MPJKXW4","B09MQH9XH3","B09WRWSSWB",,,,,,,,,,,,,,,,,,,,,,,,,,,,,,,,"Size","","Color","Blue",,
"227","B08TDB5ZR8","FROGG TOGGS","Automotive › Motorcycle & Powersports › Protective Gear › Rainwear › Rain Jackets",,"The patented bi-laminate technology with ""welded"" waterproof seams and unmatched sweat-free breathability is a great value in affordable rain wear. The compression packability of this suit allows it to pack down to storage pocket size, and it is perfect for backpacks, stadium seats or golf bags.",,,,,,,,,,,,,,,,,"true",,"$","16.79",,"$","44.15",,,"16705","/FROGG-TOGGS-Ultra-Lite2-Waterproof-Breathable/product-reviews/B08TDB5ZR8/ref=cm_cr_dp_d_show_all_btm?ie=UTF8&reviewerType=all_reviews",,,"4.1",,"https://images-na.ssl-images-amazon.com/images/I/71AqwdlYQtL.__AC_SY445_SX342_QL70_FMwebp_.jpg","FROGG TOGGS Men's Ultra-Lite2 Waterproof Breathable Protective Rain Suit","https://www.amazon.com/dp/B08TDB5ZR8","B083SMSP1Y","B008C4ED04","B07VZK28PK","B008J4D9XO","B007SF1E96","B007SF1DY2","B08P6BKCTX",,,,,,,,,,,,,,,,,,,,,,,,,,,,,,"Size","","Color","Green",,
"5","B0B3W59XLJ","JMIERR","Clothing, Shoes & Jewelry › Men › Clothing › Jackets & Coats › Lightweight Jackets › Cotton",,,,,,,,,,,,,,,,,,,"true",,"$","29.98",,"$","29.99",,,"88","/JMIERR-Corduroy-Button-Shirts-Shacket/product-reviews/B0B3W59XLJ/ref=cm_cr_dp_d_show_all_btm?ie=UTF8&reviewerType=all_reviews",,,"4.2",,"https://images-na.ssl-images-amazon.com/images/I/71ZzCbpJZtL.__AC_SX342_SY445_QL70_ML2_.jpg","JMIERR Men's Corduroy Button Down Shirts Casual Long Sleeve Shacket Jacket with Flap Pocket","https://www.amazon.com/dp/B0B3W59XLJ","B0B3W3K3KV","B0B3W37XVD","B0B3W5SPCY","B0B3W1TRW9","B0B3W3Y564","B0B3W4FW68","B0B3W58KCF","B0B3W5HYWS","B0B3W42L6S","B0B3W4LNVB","B0B3W3T5RP","B0B3W37XV9","B0B3W5P62S","B0B3W1LG4N","B0B3W4DKD4","B0B3W2Y8BY",,,,,,,,,,,,,,,,,,,,,"Size","","Color","A1 Brown",,
,"B09WMPC2T1","Columbia","Clothing, Shoes & Jewelry › Men › Clothing › Jackets & Coats › Trench & Rain",,,,,,,,,,,,,,,,,,,"true",,"$","25.52",,"$","143.07",,,"69","/Columbia-Mens-Glennaker-LakeTM-Jacket/product-reviews/B09WMPC2T1?reviewerType=all_reviews",,,"4.5",,"https://images-na.ssl-images-amazon.com/images/I/61WBTA1P68S.__AC_SY445_SX342_QL70_FMwebp_.jpg","Columbia Men's Glennaker Lake™ Rain Jacket","https://www.amazon.com/dp/B09WMPC2T1","B01HMZLCMU","B01HMZLLHQ","B01IBBC5B6","B01HMZLCMU","B0058YHRRC","B07F1DYXLN","B0058YHKRY","B0058YHVTG","B00LHJMT1G","B0814BLFYK","B08MQD8GRY","B0814B72Y7","B0814B72YG","B096SZWV6L","B096SZV1M9","B096T1GSRW","B073JM61M7","B0814B98BY","B089FB9XNJ",,,,,,,,,,,,,,,,,,"Fit Type","Regular","Size","","Color","Mountain Red/Graphite"
"426","B0994C1WZ8","Columbia","Clothing, Shoes & Jewelry › Men › Clothing › Jackets & Coats › Active & Performance › Shells",,,,"100% Polyester; 100% Nylon","Imported","Zipper closure","Machine Wash","OMNI-TECH: Our proprietary technology provides air-permeable protection that's waterproof and breathable, keeping mother nature's elements out, at the same time allowing the inside to breathe, keeping her dry and comfortable no matter the conditions.","WATERPROOF AND BREATHABLE WINTER COAT: Made with advanced technology materials it’s a wet-weather jacket designed to keep you incredibly comfortable and dry when you need it most.","LIGHTWEIGHT AND PACKABLE: This versatile rain shell is so compact it can be stored and kept at the ready, stuffed in its own hand pocket anytime.","HANDY FEATURES: The perfect outer layer, this coat includes an adjustable storm hood with an abrasion resistant chin guard, a zippered hand pockets with adjustable cuffs, a drawcord adjustable hem, to keep the warmth in, and the rain and snow out.","BUILT TO LAST: Columbia’s attention to detail is what sets our apparel apart from others. We use only the highest quality materials, expert craftsmanship, and durable stitching. These are worry-free leggings you will enjoy for seasons to come.","Jacket may come with “Columbia” embroidered or printed on. Both are authentic Columbia Sportswear product.","Omni-tech waterproof/breathable fully seam sealed","Attached, adjustable storm hood","Drawcord adjustable hem","Security pocket","Zippered chest pocket","true",,"$","25.3",,"$","175.09",,,"22262","/Columbia-Mens-Watertight-Ii-Jacket/product-reviews/B0994C1WZ8?reviewerType=all_reviews",,,"4.7",,"https://images-na.ssl-images-amazon.com/images/I/61vS3rZhVcS.__AC_SY445_SX342_QL70_FMwebp_.jpg","Columbia Men's Watertight Ii Jacket","https://www.amazon.com/dp/B0994C1WZ8","B00DQZ7KZE","B0B1QVY6ZW","B00DQYSVQW","B0B1QVXGC9","B00DQZ7RT8","B09KMCPST7","B09KMDDXTX","B0B1PDS5PK","B01HU7VDJ2","B0814BJ54K","B096SY44X9","B0B1QT989T","B00Q5BRCYU","B0B1QPW4SJ","B09KMGL978","B0814BTW8Y","B096SZYFP9","B0B1QVV7FN","B096SZP815","B096SYGDJ8","B089W11NQR","B0814BKFN4","B08MQ8PDNM","B00GTW3DS4","B0814BFGD1","B07R9G6JTC","B07KCJRYSL","B089W3TPX6","B089FBBZF7","B089F98R97","B0B1QV6HK1","B0814BKFN5","B089FB27C4","B07R54B2Z2","B0814BLPRM",,"Color","Columbia Grey","Size","",,
"103","B074MY3BJL","URBANFIND","Clothing, Shoes & Jewelry › Men › Clothing › Jackets & Coats › Lightweight Jackets › Windbreakers",,,,,,,,,,,,,,,,,,,"true",,"$","33.99",,"$","39.99",,,"4584","/URBANFIND-Lightweight-Sportswear-Jacket-Casual/product-reviews/B074MY3BJL/ref=cm_cr_dp_d_show_all_btm?ie=UTF8&reviewerType=all_reviews",,,"4.5",,"https://images-na.ssl-images-amazon.com/images/I/519kCnvDE7L.__AC_SY445_SX342_QL70_FMwebp_.jpg","URBANFIND Men's Slim Fit Lightweight Sportswear Jacket Casual Bomber Jacket","https://www.amazon.com/dp/B074MY3BJL","B06XK97JQP","B06XKTR8P9","B07QKYT2N8","B07QKYSZR1","B09ZP3NGFY","B06XNK1DCH","B099Z561T2","B09ZTNPPY3","B099ZGLHFJ","B09ZTQ2583","B09ZTNHGPZ","B09ZTNWZ27","B082G8ZS2N",,,,,,,,,,,,,,,,,,,,,,,,"Size","","Color","Black",,
"8","B08GYK1RL4","Arcturus","Sports & Outdoors › Outdoor Recreation › Camping & Hiking › Camp Kitchen › Stoves & Grills","Fri, Sep 30",,"Mon, Sep 26",,,,,,,,,,,,,,,,"true",,,,,,,,"Eligible for Return, Refund or Replacement within 30 days of receipt","299","/Realtree-EDGE-Camo-Ponchos-Adults/product-reviews/B08GYK1RL4/ref=cm_cr_dp_d_show_all_btm?ie=UTF8&reviewerType=all_reviews",,,"4.6",,"https://images-na.ssl-images-amazon.com/images/I/81I-Qh-ZiGL.__AC_SY445_SX342_QL70_FMwebp_.jpg","Arcturus Lightweight Ripstop Nylon Poncho with Adjustable Hood (Realtree EDGE)","https://www.amazon.com/dp/B08GYK1RL4",,,,,,,,,,,,,,,,,,,,,,,,,,,,,,,,,,,,,,,,,,
,"B08YMQ52XC","Legendary Whitetails","Clothing, Shoes & Jewelry › Men › Clothing › Jackets & Coats › Active & Performance › Insulated",,,,,,,,,,,,,,,,,,,"true",,"$","33.72",,"$","109.99",,,"55","/Legendary-Whitetails-Conceal-Carry-Journeyman/product-reviews/B08YMQ52XC/ref=cm_cr_dp_d_show_all_btm?ie=UTF8&reviewerType=all_reviews",,,"4.9",,"https://images-na.ssl-images-amazon.com/images/I/81xpPntclhL.__AC_SY445_SX342_QL70_ML2_.jpg","Legendary Whitetails Men's Conceal and Carry Journeyman Shirt Jacket","https://www.amazon.com/dp/B08YMQ52XC",,,,,,,,,,,,,,,,,,,,,,,,,,,,,,,,,,,,,"Color","Tarmac","Size","",,
"16","B088K5G2WF","EI Sonador","Clothing, Shoes & Jewelry › Men › Clothing › Jackets & Coats › Trench & Rain",,,,,,,,,,,,,,,,,,,"true",,"$","35.99",,"$","44.99",,,"1285","/Classic-Breathable-Waterproof-Hooded-Jacket/product-reviews/B088K5G2WF/ref=cm_cr_dp_d_show_all_btm?ie=UTF8&reviewerType=all_reviews",,,"4.4",,"https://images-na.ssl-images-amazon.com/images/I/71SzF57FQML.__AC_SY445_SX342_QL70_FMwebp_.jpg","Classic Rain Suits for Men Breathable Rain Gear for Waterproof work, Hooded Coats Jacket and Pants","https://www.amazon.com/dp/B088K5G2WF","B08KXSGR62","B08ZSG84KT",,,,,,,,,,,,,,,,,,,,,,,,,,,,,,,,,,,"Color","Black & Yellow","Size","",,
"81","B00IKGJ74Q","Carhartt","Clothing, Shoes & Jewelry › Men › Clothing › Jackets & Coats › Active & Performance › Insulated",,,,,,,,,,,,,,,,,,,"true",,"$","169.99",,"$","196.86",,,"1796","/Carhartt-Visibility-Waterproof-Insulated-Sherwood/product-reviews/B00IKGJ74Q/ref=cm_cr_dp_d_show_all_btm?ie=UTF8&reviewerType=all_reviews",,,"4.8",,"https://images-na.ssl-images-amazon.com/images/I/712hzvl7gDL.__AC_SY445_SX342_QL70_FMwebp_.jpg","Carhartt Men's High Visibility Waterproof Class 3 Insulated Sherwood Jacket","https://www.amazon.com/dp/B00IKGJ74Q",,,,,,,,,,,,,,,,,,,,,,,,,,,,,,,,,,,,,"Size","","Color","Brite Lime",,
"44","B07VNFJDPJ","TACVASEN","Clothing, Shoes & Jewelry › Men › Clothing › Jackets & Coats › Lightweight Jackets",,,,,,,,,,,,,,,,,,,"true",,"$","46.98",,"$","46.99",,,"4216","/TACVASEN-Jackets-Windproof-Flight-Bomber-Outwear/product-reviews/B07VNFJDPJ/ref=cm_cr_dp_d_show_all_btm?ie=UTF8&reviewerType=all_reviews",,,"4.4",,"https://images-na.ssl-images-amazon.com/images/I/610DOILk1jL.__AC_SY445_SX342_QL70_FMwebp_.jpg","TACVASEN Men's Jackets-Windproof Bomber Jacket Full Zip Winter Warm Padded Coats Outwear","https://www.amazon.com/dp/B07VNFJDPJ","B07VPHMBZD","B0BFRGD9WD","B0B2DKDX2W","B0B56F8MT4","B0B56D1T22","B0BFRD3CN5","B0B2DLMLVQ","B0B56FC2HC","B07VMFKT23","B07VQFBHW1","B0BFS4KN34","B08FSWM1ZP","B0B45HKG2H","B0B2DKTQX4","B07VPFWGQZ","B0B2DMJQLH","B0B45DVCQL","B08CRP2GV7","B0BFRHF2WY","B0B2DMCHFF","B0B2DKWFYC","B07VNFHXNY",,,,,,,,,,,,,,,"Color","Black","Size","",,
"36","B086DM6YT3","","Clothing, Shoes & Jewelry › Men › Clothing › Jackets & Coats › Trench & Rain",,,,,,,,,,,,,,,,,,,"true",,"$","21.99",,"$","36.99",,,"3420","/Hooded-Safety-Waterproof-Emergency-Raincoat/product-reviews/B086DM6YT3?reviewerType=all_reviews",,,"4.5",,"https://images-na.ssl-images-amazon.com/images/I/51PVujKK6UL.__AC_SY445_SX342_QL70_FMwebp_.jpg","Mens Long Hooded Safety Rain Jacket Waterproof Emergency Raincoat Poncho","https://www.amazon.com/dp/B086DM6YT3","B01JIVDZ4O","B082KKQ15D","B082KDNC7R","B07GWJ4C6V","B01B5TYF7I","B082KDM2S7",,,,,,,,,,,,,,,,,,,,,,,,,,,,,,,"Color","Black","Size","",,
"56","B09YRJHG6M","iCreek","Clothing, Shoes & Jewelry › Men › Clothing › Jackets & Coats › Active & Performance › Shells",,,,,,,,,,,,,,,,,,,"true",,"$","42.99",,"$","79.99",,,"2235","/iCreek-Trouser-Raincoat-Waterproof-Anti-Storm/product-reviews/B09YRJHG6M/ref=cm_cr_dp_d_show_all_btm?ie=UTF8&reviewerType=all_reviews",,,"4.4",,"https://images-na.ssl-images-amazon.com/images/I/51IccjSdbQS.__AC_SY445_SX342_QL70_FMwebp_.jpg","iCreek Rain Suit Jacket & Trouser Suit Raincoat Unisex Outdoor Waterproof Anti-Storm","https://www.amazon.com/dp/B09YRJHG6M","B09TQX28HB","B083NML4TN","B083NDSW6T","B083NDW8L4","B083NRBHYX","B083NS9BTB","B083NG8SMX","B083MZBBDV","B083NPZFRG","B08NWRNGJV","B08NWMJFRD",,,,,,,,,,,,,,,,,,,,,,,,,,"Color","Black","Size","",,
"18","B08FBW4HN3","","",,,,,,,,,,,,,,,,,,,"true",,"$","29.99",,"$","39.99",,,"622","/33-000ft-Lightweight-Waterproof-Windbreaker/product-reviews/B08FBW4HN3?reviewerType=all_reviews",,,"4.5",,"https://images-na.ssl-images-amazon.com/images/I/61ifXFDOgGL.__AC_SY445_SX342_QL70_FMwebp_.jpg","33,000ft Packable Rain Jacket Men's Lightweight Waterproof Rain Shell Jacket Raincoat with Hood for Golf Cycling Windbreaker","https://www.amazon.com/dp/B08FBW4HN3","B08FBX7S8M","B094NGPYSM","B08FBW7RZ9","B08FBXK61V","B094NFT8NN","B09P86TMXV","B09P19YRRW","B0948VB3RP","B08FBVNWC8","B0948VCW2Z","B094NFZGTC","B0948TXDGM",,,,,,,,,,,,,,,,,,,,,,,,,"Color","Black","Size","",,
"60","B08VS96T8Y","","Clothing, Shoes & Jewelry › Men › Clothing › Jackets & Coats › Active & Performance › Shells",,,,,,,,,,,,,,,,,,,"true",,,,,"$","37.6",,,"2983","/Amazon-Essentials-Water-Resistant-Softshell-Jacket/product-reviews/B08VS96T8Y?reviewerType=all_reviews",,,"4.5",,"https://images-na.ssl-images-amazon.com/images/I/71P5J5OuGqL.__AC_SY445_SX342_QL70_FMwebp_.jpg","Amazon Essentials Men's Water-Resistant Softshell Jacket","https://www.amazon.com/dp/B08VS96T8Y","B06XWP57CP","B06XWMXHM4","B08J94V89X","B08J937MKQ","B06XWLT4JR","B08J946MQ2","B08J947PWT",,,,,,,,,,,,,,,,,,,,,,,,,,,,,,"Size","","Color","Black",,
"83","B088XZH4GT","Signature by Levi Strauss & Co. Gold Label","Clothing, Shoes & Jewelry › Men › Clothing › Jackets & Coats › Lightweight Jackets › Denim",,"A Signature by Levi Strauss & Co.™ Men’s Trucker Jacket offers incredible trend-proof style with a classic fit yet modern look, no matter what season or occasion. Premium flex denim gives all day comfort for a relaxed or polished look. The Signature by Levi Strauss & Co.™ Men’s Trucker is an instant-cool layering piece for every guy.",,,,,,,,,,,,,,,,,"true",,"$","28.65",,"$","42.95",,,"9399","/Signature-Levi-Strauss-Gold-Label/product-reviews/B088XZH4GT/ref=cm_cr_dp_d_show_all_btm?ie=UTF8&reviewerType=all_reviews",,,"4.6",,"https://images-na.ssl-images-amazon.com/images/I/61YJOYMgInL.__AC_SY445_SX342_QL70_FMwebp_.jpg","Signature by Levi Strauss & Co. Gold Label Men's Signature Trucker Jacket","https://www.amazon.com/dp/B088XZH4GT","B09JZ2LN26","B07NRTKVMQ","B07XTZXNLT","B08KTSP3TM","B087YRXCZ3","B07D1P1WP8","B08KTSQ8R1",,,,,,,,,,,,,,,,,,,,,,,,,,,,,,"Size","","Color","Johnny-waterless",,
"18","B07RZY5TVQ","Lavnis","Clothing, Shoes & Jewelry › Men › Clothing › Jackets & Coats › Lightweight Jackets › Windbreakers",,,,"100% Polyester","Imported","Zipper closure","Machine Wash","Lightweight bomber jacket men flight jacket varsity windbreaker jacket autumn light casual sportswear windproof baseball jacket coat","Breathable windbreaker casual light golf jacket with ribbed knit cuffs and hem,baseball collar, front zip-up on the left side, functional pocket and inside pocket,fully lined provides soft-wearing comforts","Sizes:There are many sizes of this fashion letterman jacket for men to choose:Small, Medium,Large,X-Large,XX-Large;For baggy or tight fitting, please check the ""Lavnis Size Chart"" and product description clearly before purchase it","This elegant reversible style varsity bomber jacket is suitable for varies occasions such as business work, interview, party, golf, daily casual life etc. Suitable for both young men and elder men. Moderate thickness for spring summer and autumn wear","Washing&care:Machine wash/Hand wash",,,,,,,"true",,"$","31.99",,"$","32.99",,,"2795","/Lavnis-Lightweight-Softshell-Sportwear-Windbreaker/product-reviews/B07RZY5TVQ/ref=cm_cr_dp_d_show_all_btm?ie=UTF8&reviewerType=all_reviews",,,"4.2",,"https://m.media-amazon.com/images/I/51uz+ezxZIL._AC_SX342_SY445_.jpg","Lavnis Men's Lightweight Softshell Coat Sportwear Zipper Windbreaker Flight Bomber Jacket","https://www.amazon.com/dp/B07RZY5TVQ","B07S5R4STR","B07S1ZHMRG","B07S5QSY6J","B07VQXCZJ6","B07VQX94V2",,,,,,,,,,,,,,,,,,,,,,,,,,,,,,,,"Size","","Color","Khaki",,
"33","B08FM3LM78","TBMPOY","Clothing, Shoes & Jewelry › Men › Clothing › Jackets & Coats › Lightweight Jackets › Windbreakers",,,,"100% Polyester","Material: high-quality breathable Polyester shell","Lightweight and windproof fabric provides excellent protection against wind and sun","Designed with high collar and full-zip front, which makes it more well-fitting","2 big hand pockets, 1 zippered pocket and one cargo pocket on sleeve, 1 zipper inner poakct","TBMPOY Mens Windbreaker Jaclets Ideal for all outdoor & indoor activiyies: Runningm, Hiking, Camping, Traveling, Fishing, even daily wear",,,,,,,,,,"true",,"$","35.99",,"$","36.99",,,"2335","/TBMPOY-Windproof-Lightweight-Breathable-Windbreaker/product-reviews/B08FM3LM78/ref=cm_cr_dp_d_show_all_btm?ie=UTF8&reviewerType=all_reviews",,,"4.3",,"https://images-na.ssl-images-amazon.com/images/I/61aK5WXwBCL.__AC_SY445_SX342_QL70_ML2_.jpg","TBMPOY Men's Windproof Bomber Jackets Lightweight Running Windbreaker Outdoor Golf Fashion Coat","https://www.amazon.com/dp/B08FM3LM78","B08FL5Z8CR","B09RDQSM35","B09RFHVKS8","B08FM6ZLL2","B08FMFBYMQ","B08FMFD1Q5","B09BHW55XT","B09BHTWLBF","B09RFWSYLH",,,,,,,,,,,,,,,,,,,,,,,,,,,,"Size","","Color","1-black",,
"23","B08FB3ZMJC","MOERDENG","Clothing, Shoes & Jewelry › Men › Clothing › Jackets & Coats › Trench & Rain",,,,,,,,,,,,,,,,,,,"true",,"$","33.99",,"$","39.99",,,"2092","/Lightweight-Windbreaker-Jacket-Waterproof-Breathable/product-reviews/B08FB3ZMJC/ref=cm_cr_dp_d_show_all_btm?ie=UTF8&reviewerType=all_reviews",,,"4.6",,"https://images-na.ssl-images-amazon.com/images/I/71IBANEkkeL.__AC_SY445_SX342_QL70_FMwebp_.jpg","Men's Waterproof Rain Jacket Outdoor Lightweight Softshell Raincoat for Hiking Travel","https://www.amazon.com/dp/B08FB3ZMJC","B0982MZH29","B0B461F3XQ","B0982NHBZM","B0982MPLWL","B0B464BR6W","B0982NVZRY","B09GM66T4V",,,,,,,,,,,,,,,,,,,,,,,,,,,,,,"Color","Black-01","Size","",,
"86","B0898JB22G","Weatherproof","Clothing, Shoes & Jewelry › Sport Specific Clothing › Golf › Men",,,,,,,,,,,,,,,,,,,"true",,"$","39.58",,"$","76",,,"3010","/Weatherproof-Original-Jacket-Windbreaker-Classic/product-reviews/B0898JB22G/ref=cm_cr_dp_d_show_all_btm?ie=UTF8&reviewerType=all_reviews",,,"4.6",,"https://images-na.ssl-images-amazon.com/images/I/61ipDH0Q9AL.__AC_SX342_SY445_QL70_FMwebp_.jpg","Weatherproof Original Mens Golf Jacket (Mens Windbreaker) Classic Mens Light Jacket","https://www.amazon.com/dp/B0898JB22G","B088NLSD59","B088NM47BN","B0009KN2CE","B088NHW6R8","B087GFKHP5","B08JZF6XBL","B07FFL1T69","B08JZFYMJ7","B08JZHDSH1","B087G4LGHX","B087GS6QZZ","B08HG9WXCS","B087GVNCHW","B07FFJ9K62","B075FBX64V","B087G6YBC4","B079J4YGGL","B07VFB67VM",,,,,,,,,,,,,,,,,,,"Size","","Color","Fog",,
"233","B081YVDT55","ORORO","Clothing, Shoes & Jewelry › Men › Clothing › Jackets & Coats › Vests",,,,,,,,,,,,,,,,,,,"true",,"$","139.99",,"$","149.99",,,"8189","/ORORO-Mens-Lightweight-Heated-Battery/product-reviews/B081YVDT55/ref=cm_cr_dp_d_show_all_btm?ie=UTF8&reviewerType=all_reviews",,,"4.7",,"https://images-na.ssl-images-amazon.com/images/I/61BGg40LqIL.__AC_SY445_SX342_QL70_ML2_.jpg","ORORO Men's Lightweight Heated Vest with Battery Pack","https://www.amazon.com/dp/B081YVDT55","B07SN1YB6D","B09GLWK2ZB","B08L88GPYW","B09C1SMCK7",,,,,,,,,,,,,,,,,,,,,,,,,,,,,,,,,"Size","","Color","Black",,
"524","B09342L4XK","FROGG TOGGS","Clothing, Shoes & Jewelry › Men › Clothing › Jackets & Coats › Trench & Rain",,,,,,,,,,,,,,,,,,,"true",,"$","20",,"$","114.98",,,"18298","/FROGG-TOGGS-All-Sport-Waterproof-Breathable/product-reviews/B09342L4XK?reviewerType=all_reviews",,,"4.2",,"https://images-na.ssl-images-amazon.com/images/I/81jjczLewkL.__AC_SY445_SX342_QL70_FMwebp_.jpg","FROGG TOGGS Men's Classic All-Sport Waterproof Breathable Rain Suit","https://www.amazon.com/dp/B09342L4XK","B08QDLSHGW","B00MW4775I","B07KWFF81G","B00EIP3GQS","B091YQQN1L","B01MQHD24D","B07VWBTTCX","B005KW5NDW","B0052WTQR4","B085CNQTFP","B07KBDGNJN","B07KCN1JS6","B015SWIKWE","B093X6J8DJ","B07RNBT3BW","B07VYDXB7R","B07W1L8P5Q","B093TSNLD1","B07Q77SHR6","B07Q63HJQS","B09NLHMBXF","B00CJJ82CI","B085CP2VQ7",,,,,,,,,,,,,,"Color","Black Jacket/Black Pants","Size","",,
,"B08M8RV11L","adidas","Clothing, Shoes & Jewelry › Men › Clothing › Jackets & Coats › Fleece",,,,"53% Cotton, 36% Polyester, 11% Viscose","Imported","Zipper closure","Machine Wash","Men's zip hoodie made for casual, sporty wear","Regular fit for easy everyday wear","Full zip with drawcord-adjustable hood offers snug comfort","Kangaroo pockets keeps small items within easy reach",,,,,,,,"true",,"$","17.8",,"$","74.99",,,"222","/adidas-Essentials-French-3-Stripes-Full-Zip/product-reviews/B08M8RV11L?reviewerType=all_reviews",,,"4.7",,"https://images-na.ssl-images-amazon.com/images/I/51GwhEEzagL.__AC_SY445_SX342_QL70_FMwebp_.jpg","adidas Men's Essentials French Terry 3-Stripes Full-Zip Hoodie","https://www.amazon.com/dp/B08M8RV11L","B08M6HCM9X","B08M83NZYP","B08M862SGP","B091KH4T53",,,,,,,,,,,,,,,,,,,,,,,,,,,,,,,,,"Size","","Color","Legend Ink/White",,
"7","B086M7Y8PQ","L-Rain","Clothing, Shoes & Jewelry › Men › Clothing › Jackets & Coats",,,,"TOP GRADE TPU","Button closure","Food grade TPU instead of cheap EVA or PVC","Eco - friendly TPU material has good performance in elasticity , anti-aging. Non-toxic, No Smell and Harmless.","Quick-drying, reusable, durable, tear resistant, waterproof and breathable.","Foldable in small size, much more portable and lightweight, keep it in the backpack/ house/ office or car for emergency.","Stylish design to make you more eye-catching in rainy days.",,,,,,,,,"true",,"$","34.5",,"$","35.99",,,"340","/L-Rain-Durable-Clear-Rain-Adults/product-reviews/B086M7Y8PQ/ref=cm_cr_dp_d_show_all_btm?ie=UTF8&reviewerType=all_reviews",,,"4.5",,"https://images-na.ssl-images-amazon.com/images/I/51FZ6IoCf5L.__AC_SY445_SX342_QL70_FMwebp_.jpg","L-Rain Durable TPU Clear Rain Coat for Adults - Women and Men Fashion Hooded Rain Poncho","https://www.amazon.com/dp/B086M7Y8PQ","B085Z8Q74N","B085Z98Y6B",,,,,,,,,,,,,,,,,,,,,,,,,,,,,,,,,,,"Color","White","Size","",,
"194","B08N2HH4HP","Wrangler Authentics","Clothing, Shoes & Jewelry › Men › Clothing › Shirts › Casual Button-Down Shirts",,"Wrangler Authentic men's quilted long sleeve lined Flannel with hood. This flannel features polyester lined body, interior, two pockets, and brushed flannel exterior making it the perfect jacket for those cold winter nights. The jacket offers versatility, comfort, and warmth, making it a fall and winter essential.",,"Flannel","Imported","Button closure","RELAXED FIT: Constructed with comfort in mind, this long sleeve quilted lined flannel shirt is a wardrobe essential for those cold Winter nights.","HEAVYWEIGHT MATERIALS: Built with button cuffs and quilted polyester padding for more durability and added warmth.","FOR ADDED WARMTH: Padded with diamond black quilted polyester to create extra warmth while also creating breathability, this is an extremely versatile flannel shirt.","FUNCTIONAL STYLE: Lined with 100% cotton, this brushed flannel is made with style in mind. Wear it on the job or out to lunch, this essential closet staple can be worn for many occasions.","ADDED STORAGE: Constructed with (2) dual front chest pockets and (2) side seam pockets, this flannel has easy-access storage for all your basic necessities.",,,,,,,,"true",,"$","30.89",,"$","34.38",,,"39767","/Wrangler-Authentics-Sleeve-Quilted-Flannel/product-reviews/B08N2HH4HP/ref=cm_cr_dp_d_show_all_btm?ie=UTF8&reviewerType=all_reviews",,,"4.6",,"https://images-na.ssl-images-amazon.com/images/I/813Dgg2DflL.__AC_SX342_SY445_QL70_FMwebp_.jpg","Wrangler Authentics Men's Long Sleeve Quilted Lined Flannel Shirt Jacket with Hood","https://www.amazon.com/dp/B08N2HH4HP","B073JQLHJD","B099DYBJ1H","B01L7B4V00","B073JVMH2Z","B07RXT7J3K","B01L7B4VGY","B07RXV123X","B099F1LLJX","B099F1T8NR","B099DZF284",,,,,,,,,,,,,,,,,,,,,,,,,,,"Size","","Color","Cloud Burst",,
"93","B0B6LQW23Z","Columbia","Clothing, Shoes & Jewelry › Men › Clothing › Jackets & Coats › Vests",,,,,,,,,,,,,,,,,,,"true",,"$","16.64",,"$","103.57",,,"15068","/Columbia-Mens-Steens-Mountain-Vest/product-reviews/B0B6LQW23Z/ref=cm_cr_dp_d_show_all_btm?ie=UTF8&reviewerType=all_reviews",,,"4.7",,"https://images-na.ssl-images-amazon.com/images/I/61J0qSHGkxL.__AC_SY445_SX342_QL70_FMwebp_.jpg","Columbia Men's Steens Mountain Vest","https://www.amazon.com/dp/B0B6LQW23Z","B019DYGOMQ","B019DYGV74","B07L4QMCVH","B09KMG7994","B09KMF6CHL","B09KMGMR6L","B00Q7ECQEQ","B0814BJ6WX","B07L52DTKV","B0814B72XH","B089FBG4ZQ","B089FB22ST","B0814BKDRT","B07F31HXZW","B0814BCPPV",,,,,,,,,,,,,,,,,,,,,,"Color","Charcoal Heather","Size","",,
"167","B07BFGG5JT","Gildan","Clothing, Shoes & Jewelry › Men › Clothing › Active › Active Sweatshirts",,,,,,,,,,,,,,,,,,,"true",,"$","12.99",,"$","44.47",,,"36577","/Gildan-Mens-Fleece-Hooded-Sweatshirt/product-reviews/B07BFGG5JT/ref=cm_cr_dp_d_show_all_btm?ie=UTF8&reviewerType=all_reviews",,,"4.6",,"https://images-na.ssl-images-amazon.com/images/I/61iopPsSWcL.__AC_SY445_SX342_QL70_ML2_.jpg","Gildan Adult Fleece Zip Hooded Sweatshirt, Style G18600","https://www.amazon.com/dp/B07BFGG5JT","B01LWSW45Y","B0B8MNBGLV","B0B8F494KX","B00FDYBGI8","B00FDYBWHS","B0B8MQTP6L","B01LXRYR3Q","B0B8F537LW","B0B8MK4TXJ","B0B8MN6KGB","B0B8MPNBHR","B0B8MQ4RK5","B003IGNPSC","B000NF7ZF0","B00FDYB7AA","B0B8F45G5W","B00FDYAUHQ","B01M0PENQR","B01M117J4J","B00TKGRTZY","B000NF9W88",,,,,,,,,,,,,,,,"Size","","Color","Navy",,
"68","B08FBDSNFH","OTU","Clothing, Shoes & Jewelry › Men › Clothing › Jackets & Coats › Trench & Rain",,,,,,,,,,,,,,,,,,,"true",,"$","29.99",,"$","39.99",,,"10085","/Lightweight-Waterproof-Hooded-Outdoor-Raincoat/product-reviews/B08FBDSNFH/ref=cm_cr_dp_d_show_all_btm?ie=UTF8&reviewerType=all_reviews",,,"4.6",,"https://images-na.ssl-images-amazon.com/images/I/6123Gq420sL.__AC_SY445_SX342_QL70_ML2_.jpg","OTU Men's Lightweight Waterproof Hooded Rain Jacket Outdoor Raincoat Shell Jacket for Hiking Travel","https://www.amazon.com/dp/B08FBDSNFH","B08F9Z9LH4","B08F9RTSRM","B08M9MH25P","B08F9X1T99","B08M9Q91KR","B09CPMRV1B","B08F9PPHLH","B08M9SKCGN",,,,,,,,,,,,,,,,,,,,,,,,,,,,,"Color","Black","Size","",,
"44","B091GZ7GS8","Columbia","Clothing, Shoes & Jewelry › Men › Clothing › Jackets & Coats › Fleece",,"Columbia Men's Granite Mountain Fleece JacketAuthentic ColumbiaAuthentic ColumbiaFull zip closure with mock neckFull zip closure with mock neckHand pockets with zip closureHand pockets with zip closureDrawcord at hem for an adjustable fit, soft brusher interior for warmth and comfortDrawcord at hem for an adjustable fit, soft brusher interior for warmth and comfortMachine wash, ImportedMachine wash, Imported",,,,,,,,,,,,,,,,,"true",,"$","34.74",,"$","89.95",,,"2806","/Columbia-Granite-Mountain-Fleece-Jacket/product-reviews/B091GZ7GS8/ref=cm_cr_dp_d_show_all_btm?ie=UTF8&reviewerType=all_reviews",,,"4.6",,"https://m.media-amazon.com/images/I/71pQfI+ZFpL._AC_SX342_SY445_.jpg","Columbia Men's Granite Mountain Fleece Jacket","https://www.amazon.com/dp/B091GZ7GS8","B0131KARG2","B00OU89VP8","B01JBKMLW4","B0BG3GS933","B0131KBFMM","B0BG3FQ429","B09MMHSD5P",,,,,,,,,,,,,,,,,,,,,,,,,,,,,,"Size","","Color","Black",,
"32","B09KNN215S","Little Donkey Andy","Clothing, Shoes & Jewelry › Men › Clothing › Jackets & Coats › Vests",,,,"WINDPROOF - Mid-layer fabric of the outdoor vest is windproof. Elastic cuffs and drawcord hems help seal out the elements. A chin guard keeps you nice and warm","WATER-RESISTANT & BREATHABLE - Mid-layer fabric is laminated with TPU membrane, featuring water-repellent and 3000/m2/24hr breathability to keep your core comfortable and dry in the light rain","MOVE FREELY - Shell is made of 4-way stretch fabric, allows a wide range of motion or layer beneath. You won't feel any restriction","ULTRA-LIGHT & ZIP-UP POCKETS - This travel vest is super lightweight and packed easily. 2 zip-up hand pockets and 1 chest pocket keep your stuff safe and secure","VERSATILE: This windbreaker is ideal for travel, trail, running, hiking, work, golf etc. Slim fit, can be worn as a mid layer on frigid days or an outer layer in mild cool weather",,,,,,,,,,,"true",,"$","39.99",,"$","46.99",,,"4097","/Little-Donkey-Andy-Lightweight-Sleeveless/product-reviews/B09KNN215S/ref=cm_cr_dp_d_show_all_btm?ie=UTF8&reviewerType=all_reviews",,,"4.4",,"https://images-na.ssl-images-amazon.com/images/I/71JGGZNZpIL.__AC_SX300_SY300_QL70_ML2_.jpg","Little Donkey Andy Men's Lightweight Softshell Vest, Windproof Sleeveless Jacket for Travel Hiking Running Golf","https://www.amazon.com/dp/B09KNN215S","B082SPGZPP","B082SQ18GM","B082SPFMDK","B095YR5NVR","B095YRNT3L","B095YNSMLP","B09NW3PRNV","B095YQG8NM","B09NW32SWT","B08GZVYC98","B08PF6TDCP","B09Q61LRTK","B08PF3CY8G","B08GZVVD4C",,,,,,,,,,,,,,,,,,,,,,,"Color","Black","Size","",,
"41","B07TD5C7C5","Ourcan","Clothing, Shoes & Jewelry › Men › Clothing › Jackets & Coats › Trench & Rain",,,,,,,,,,,,,,,,,,,"true",,"$","36.99",,"$","48.99",,,"2024","/Ourcan-Suits-Fishing-Waterproof-Lightweight/product-reviews/B07TD5C7C5/ref=cm_cr_dp_d_show_all_btm?ie=UTF8&reviewerType=all_reviews",,,"4.4",,"https://images-na.ssl-images-amazon.com/images/I/61SOBXJMFDL.__AC_SY445_SX342_QL70_FMwebp_.jpg","Ourcan Rain Suits for Men Classic Rain Gear Waterproof Rain Coats Hooded Man's Rainwear Fishing Rain Jacket and Rain Pants","https://www.amazon.com/dp/B07TD5C7C5","B082ZGPJJ8","B082ZGSN9F",,,,,,,,,,,,,,,,,,,,,,,,,,,,,,,,,,,"Color","Black","Size","",,
"32","B09BD894V9","TEZO","Clothing, Shoes & Jewelry › Men › Clothing › Jackets & Coats › Lightweight Jackets › Windbreakers",,,,,,,,,,,,,,,,,,,"true",,"$","35.99",,"$","40.99",,,"2704","/TEZO-Jacket-Waterproof-Lightweight-Windbreaker/product-reviews/B09BD894V9/ref=cm_cr_dp_d_show_all_btm?ie=UTF8&reviewerType=all_reviews",,,"4.5",,"https://images-na.ssl-images-amazon.com/images/I/71VryIZzPQL.__AC_SX342_SY445_QL70_FMwebp_.jpg","Mens Rain Jacket Waterproof with Hooded Hiking Coat Lightweight Windbreaker","https://www.amazon.com/dp/B09BD894V9","B08136C47G","B07X9MN14C","B0B4W9ZGRH","B09Z7N1Z74","B097SGMVFX","B097SX8B9D","B0B4WBW4BT","B0B2NJYYDW","B09YQYFX17","B097SGRM2H",,,,,,,,,,,,,,,,,,,,,,,,,,,"Color","Grey/Black","Size","",,
"249","B0738JFRD1","","Sports & Outdoors › Clothing › Men › Outerwear › Jackets",,"An Amazon brand - Cold-weather style is easy with this versatile water-resistant lightweight puffer jacket featuring a full-zip front and stand-up collarAmazon Essentials is focused on creating affordable, high-quality, and long-lasting everyday clothing you can rely on. Our line of men’s must-haves includes polo shirts, chino pants, classic-fit shorts, casual button-downs, and crew-neck tees. Our consistent sizing takes the guesswork out of shopping, and each piece is fine-tuned to offer quality and comfort.",,,,,,,,,,,,,,,,,"true",,"$","24.94",,"$","40.9",,,"20406","/Amazon-Essentials-Lightweight-Water-Resistant-Packable/product-reviews/B0738JFRD1/ref=cm_cr_dp_d_show_all_btm?ie=UTF8&reviewerType=all_reviews",,,"4.5",,"https://m.media-amazon.com/images/I/81UiEq+TM6L._AC_SX342_SY445_.jpg","Amazon Essentials Men's Lightweight Water-Resistant Packable Puffer Jacket","https://www.amazon.com/dp/B0738JFRD1","B07BN7D19Y","B07BN3XTFZ","B07BN78SM7","B085YL5DB5","B08SSBLGMY","B07C8Y6V3T","B08SS8M9JT","B08SS9TWK5","B08SSB2NCP","B08SS86FV8","B08SS4F2B3","B07C8YFYY6","B08SS8MGSC","B07BN3XSGQ","B08SS9QKZJ","B085YL41N1","B08SS8C92G","B08SS4G7QX","B085YL5DC9","B07BN7D3FV","B085YLDKWQ","B07BN6G6V3","B085YLBKDD","B085YLD2GK","B085YL41JY",,,,,,,,,,,,"Size","","Color","Black",,
"24","B0B43S2C8C","Columbia","",,,,,,,,,,,,,,,,,,,"true",,"$","49.5",,"$","193.1",,,"655",,,,"4.7",,"https://images-na.ssl-images-amazon.com/images/I/61zTC9jWL-L.__AC_SY445_SX342_QL70_FMwebp_.jpg","Columbia Men's Ascender Softshell Jacket","https://www.amazon.com/dp/B0B43S2C8C","B00PWOT4TM","B012TYXRAE","B01KW0P8D6","B0814BH1PR","B07R9GQ4SM","B07R9G6JTZ",,,,,,,,,,,,,,,,,,,,,,,,,,,,,,,"Size","","Color","Black",,
"57","B0B7YJGCZR","Champion","Clothing, Shoes & Jewelry › Men › Clothing › Active › Track & Active Jackets",,,,,,,,,,,,,,,,,,,"true",,"$","19.53",,"$","59.9",,,"6341","/Champion-V1012-Mens-Packable-Jacket-Solid/product-reviews/B0B7YJGCZR/ref=cm_cr_dp_d_show_all_btm?ie=UTF8&reviewerType=all_reviews",,,"4.6",,"https://images-na.ssl-images-amazon.com/images/I/615lp8tFStL.__AC_SY445_SX342_QL70_FMwebp_.jpg","Champion Men's Packable Jacket-Solid","https://www.amazon.com/dp/B0B7YJGCZR","B078GPYT9H","B095J4938V","B081KMY7X9","B09NCD2546","B07DGMWZSB","B07DGNVRKN","B078GLSLB8","B078GPFHKD","B07VMNGW2Y","B07QZSQJXV","B081KM9KKB",,,,,,,,,,,,,,,,,,,,,,,,,,"Size","","Color","Navy-549369",,
