,user_name,user_location,user_description,user_verified,date,text,hashtags,source
0,i Logistics USA,"Miami, FL","üá∫üá∏Since 2018 ‚ÄúYou Sell, We pick it, We pack it, and Ship it.‚Äù eFulfillment Center üè™ Order processing 24/7 üì¶ üöõBest-in-class",False,2022-10-10 02:49:08+00:00,"https://t.co/FiklQTNntf 
WhatsApp us +1 (786) 327-4369
#fulfillment #fulfillmentcenter #miami #onlineshopping #shopify #etsy #Walmart #amazon #usa #ecommerce #ecommercebusiness #amazon #amazonfba #AmazonFBASeller #wholesale #onlinearbitrage #viralvideo #viral #prepcenter #fba https://t.co/Kw2zZN3mlI","['fulfillment', 'fulfillmentcenter', 'miami', 'onlineshopping']",Twitter for iPhone
1,i Logistics USA,"Miami, FL","üá∫üá∏Since 2018 ‚ÄúYou Sell, We pick it, We pack it, and Ship it.‚Äù eFulfillment Center üè™ Order processing 24/7 üì¶ üöõBest-in-class",False,2022-10-10 02:49:06+00:00,"https://t.co/FiklQTNntf 
WhatsApp us +1 (786) 327-4369
#fulfillment #fulfillmentcenter #miami #onlineshopping #shopify #etsy #Walmart #amazon #usa #ecommerce #ecommercebusiness #amazon #amazonfba #AmazonFBASeller #wholesale #onlinearbitrage #viralvideo #viral #prepcenter #fba https://t.co/5YV2yZSXic","['fulfillment', 'fulfillmentcenter', 'miami', 'onlineshopping']",Twitter for iPhone
2,i Logistics USA,"Miami, FL","üá∫üá∏Since 2018 ‚ÄúYou Sell, We pick it, We pack it, and Ship it.‚Äù eFulfillment Center üè™ Order processing 24/7 üì¶ üöõBest-in-class",False,2022-10-10 02:48:34+00:00,"https://t.co/FiklQTNntf 
WhatsApp us +1 (786) 327-4369
#fulfillment #fulfillmentcenter #miami #onlineshopping #shopify #etsy #Walmart #amazon #usa #ecommerce #ecommercebusiness #amazon #amazonfba #AmazonFBASeller #wholesale #onlinearbitrage #viralvideo #viral #prepcenter #fba https://t.co/HANwI2nBH9","['fulfillment', 'fulfillmentcenter', 'miami', 'onlineshopping']",Twitter for iPhone
3,Add to Cart,United Kingdom,Add to Cart is one of the UK‚Äôs fastest-growing #ecommerce marketplaces. We support online retailers to reach new customers and generate more orders. #AddtoCart,False,2022-10-10 02:47:33+00:00,"vidaXL Bathroom Furniture Set White and Sonoma Oak Chipboard | Bathroom Furniture Sets

https://t.co/8IDtr9Hb72

#BathroomFurnitureSets #FurnitureSets #Furniture #AddtoCart #ecommerce #trendi...",,AddtoCart.co.uk
4,i Logistics USA,"Miami, FL","üá∫üá∏Since 2018 ‚ÄúYou Sell, We pick it, We pack it, and Ship it.‚Äù eFulfillment Center üè™ Order processing 24/7 üì¶ üöõBest-in-class",False,2022-10-10 02:47:05+00:00,"https://t.co/FiklQTNntf 
WhatsApp us +1 (786) 327-4369
#fulfillment #fulfillmentcenter #miami #onlineshopping #shopify #etsy #Walmart #amazon #usa #ecommerce #ecommercebusiness #amazon #amazonfba #AmazonFBASeller #wholesale #onlinearbitrage #viralvideo #viral #prepcenter #fba https://t.co/mFPw4dcjPn","['fulfillment', 'fulfillmentcenter', 'miami', 'onlineshopping']",Twitter for iPhone
5,Sharky,"Springdale, AR",Selling vintage jewelry online for over 23 yrs. Also check out our new jewelry & accessories and our tabletop gaming supplies!,False,2022-10-10 02:43:14+00:00,Taxco Sterling Silver Vintage Flower Brooch Pendant https://t.co/2CQLtwLuWO #smallbusiness #SharkysWaters #ecommerce #BroochesAndPins https://t.co/JayUnifVty,"['smallbusiness', 'SharkysWaters']",Autotw_e_e_t
6,Arsenaps,,"Good game

#fkmainstream and $fkm",False,2022-10-10 02:41:38+00:00,"@ShopCek @worldefnet The project look so good for the future
@ws_damar
@MrDanz0
@Undefeatedx01 

@worldefnet
 #ecommerce #shopcek #shpc
#Bitcoin #Ethereum #BNB",,Twitter Web App
7,Add to Cart,United Kingdom,Add to Cart is one of the UK‚Äôs fastest-growing #ecommerce marketplaces. We support online retailers to reach new customers and generate more orders. #AddtoCart,False,2022-10-10 02:38:43+00:00,"Multi Coloured Wooden Trinket Drawers | Household Drawer Organiser Inserts

https://t.co/BvaJOzepi0

#HouseholdDrawerOrganiserInserts #StorageOrganisation #HouseholdSupplies #HomeGarden #AddtoCart #ecommerce #trendin...",,AddtoCart.co.uk
8,"Inveigle Magazine | Lifestyle, Fashion & Beauty",Nationwide,"A lifestyle, fashion & beauty magazine. Hair, Fitness, Health, Social Science.",False,2022-10-10 02:37:23+00:00,How To Make Your eCommerce Copywriting Sales-Ready | How To Fine Tune Your eCommerce Copywriting https://t.co/0ejJx14DNZ #eCommerce #Copywriting #Marketing,,Twitter Web App
9,Add to Cart,United Kingdom,Add to Cart is one of the UK‚Äôs fastest-growing #ecommerce marketplaces. We support online retailers to reach new customers and generate more orders. #AddtoCart,False,2022-10-10 02:35:43+00:00,"Tropical Sun Peanut Butter No Added Sugar 454g Box of 12 | Nut Butters

https://t.co/U9lJScibyS

#NutButters #DipsSpreads #FoodItems #FoodBeveragesTobacco #AddtoCart #ecommerce #trending #shopify...",['NutButters'],AddtoCart.co.uk
10,Branden Moskwa - eCommerce Coach and Mentor,The Hidden Planet of Big Lake,"Helping Entrepreneurs CrushIT online!
eCommerce Allstars Podcast: https://t.co/K21w45B6Xv",False,2022-10-10 02:31:13+00:00,"Listen Now: https://t.co/RtIUrph50C
Should You Outsource eCommerce Order Fulfillment?
#ecommerce #Podcast","['ecommerce', 'Podcast']",nadimo automation
11,Priyadarshini Handloom¬Æ,Bhubaneswar,Official Twitter handle for https://t.co/J85VDckBGY | Discover the rich handloom fabrics and sarees of Odisha's Sambalpuri. Shop Now on our website,False,2022-10-10 02:30:00+00:00,"Hey gorgeous ! Are you festival ready ?  Explore the beauty of handloom at
Shop now 
https://t.co/uVtIt109Vc

#saree #SareeTwitter  #Odisha #houseofbrands #handloom #Trending #fashion #beautiful #VocalForLocal #ChooseOne  #ecommerce #Retail https://t.co/TmlOWMs8K2",,TweetDeck Web App
12,Sociophile,United Kingdom,Advertisement | Digital Marketing | Virtual Assistant | Social Media Marketing,False,2022-10-10 02:30:00+00:00,"Important for #amazon sellers #etsy businesses and all other #ecommerce seller is #tiktok #advertisement. you can target worldwide with #tiktokads agency account. 
Get your own https://t.co/TlcFdwEg5f 
.
#JapaneseGP #RHOP #gpexplorer #XRPUSD #ExtremeRules #XRPCommunity #ARSLIV https://t.co/9QYZYcGMMR","['amazon', 'etsy', 'ecommerce', 'tiktok', 'advertisement']",Twitter Web App
13,Add to Cart,United Kingdom,Add to Cart is one of the UK‚Äôs fastest-growing #ecommerce marketplaces. We support online retailers to reach new customers and generate more orders. #AddtoCart,False,2022-10-10 02:23:48+00:00,"Childrens Sterling Silver Lilac Flower Screw Back Earrings | Earrings

https://t.co/QhsCd4QPXU

#Earrings #JewelleryWatches #ClothingAccessories #AddtoCart #ecommerce #trending #shopify #marketp...",['Earrings'],AddtoCart.co.uk
14,Add to Cart,United Kingdom,Add to Cart is one of the UK‚Äôs fastest-growing #ecommerce marketplaces. We support online retailers to reach new customers and generate more orders. #AddtoCart,False,2022-10-10 02:20:49+00:00,"Weller CYPB Wheated Bourbon American Whisky - 75cl 47.5% | Whisky

https://t.co/ZTjLCvTquU

#Whisky #LiquorSpirits #AlcoholicBeverages #Beverages #FoodBeveragesTobacco #AddtoCart #ecommerce #trending...","['Whisky', 'LiquorSpirits']",AddtoCart.co.uk
15,Michelle Evans üõçüõí,Chicago,"Global Lead, #Retail and #Digital Consumer Insights @Euromonitor. @Forbes contributor. Expert in how #tech is reshaping #commerce. #ecommerce #technology",False,2022-10-10 02:16:22+00:00,"Consumers in Singapore and Malaysia can have Lego products delivered to their doorstep in 30 minutes thanks to Asia‚Äôs quick commerce pioneer Foodpanda. #retail #ecommerce #delivery #quickcommerce 
https://t.co/3kwoPTFNLS",,Twitter for Android
16,HATINC üáµüá∏,Karachi,"HAT INCORPORATION A leading software house specializes in providing digital solutions to web, mobile, desktop application concepts and turning them into market",False,2022-10-10 02:15:03+00:00,"#ECommerce Market Drivers
 
1. Rising Penetration of the #Internet and Smartphones    
2.  Growing Usage of Social Media and Social Commerce    
3.   Growth in the Omni-Channel Business Model    
4.  Advancement of Multiple #Payment Modes    
https://t.co/ReS8oEDSFk","['ECommerce', 'Internet']",HATINC
17,Add to Cart,United Kingdom,Add to Cart is one of the UK‚Äôs fastest-growing #ecommerce marketplaces. We support online retailers to reach new customers and generate more orders. #AddtoCart,False,2022-10-10 02:14:57+00:00,"Womens Summer Stretchy Denim Shorts Back Bandage Skinny Sexy Shorts | Shorts

https://t.co/unda5zWEWV

#Shorts #Clothing #ClothingAccessories #AddtoCart #ecommerce #trending #shopify #m...",['Shorts'],AddtoCart.co.uk
18,ICAAsiaPacific,www.copper.com.au,"ICAAsiaPacific backs new ideas in technology, renewables, building, health, energy efficiency & business.",False,2022-10-10 02:14:01+00:00,#India beauty #ecommerce platform selling #organic &amp; natural #brands gets $2M #funding make over https://t.co/A74Ttt9WkG #beauty #Retail https://t.co/jmG0rZkrbQ,"['India', 'ecommerce', 'organic', 'brands', 'funding']",Twitter Web App
19,Md Hanif Mahmood,,"Logo & Brand Identity Designer

üëâ 4+ years experience.
üëâ Ready to be hired!
üëâ E-mail: hmsabuj9@gmail.com
üëâ WhatsApp: +8801850788230",False,2022-10-10 02:13:52+00:00,"I'm a #Fiverr level 1 seller. If you need a #logo just go to the link and
#Order- https://t.co/B2NjqiO8lk

#logotype #minimalist #logodesign #logoinspirations #Novak #Fashion #ecommerce #Jesus #KARL #Chivas #needlogo #Twitch #wooyoung #Nazis #Horror #Nikita #Arteta #Saka #Nunez https://t.co/wCPyMRVVZ4 https://t.co/9HNadhev03","['Fiverr', 'logo', 'Order']",Twitter Web App
20,Paul O'Brien,Texas,"CEO @MediaTechVent and üëç to #VC. #Startup Advisor, @founding in #Texas. Funding media #innovation. Home in #Austin and @ https://t.co/opJkFcjeOH. DeSo $paulobrien",False,2022-10-10 02:13:34+00:00,The Kitchen Sink : Part 3 : Manage YOUR feed https://t.co/CMgD5QUV4y #ecommerce,['ecommerce'],Revive Social App
21,Md Hanif Mahmood,,"Logo & Brand Identity Designer

üëâ 4+ years experience.
üëâ Ready to be hired!
üëâ E-mail: hmsabuj9@gmail.com
üëâ WhatsApp: +8801850788230",False,2022-10-10 02:13:10+00:00,"I'm a #Fiverr level 1 seller. If you need #logo just go to the link and
#Order- https://t.co/B2NjqiO8lk

#logotype #minimalist #logodesign #logoinspirations #Novak #Fashion #ecommerce #Jesus #KARL #Chivas #needlogo #Twitch #wooyoung #Nazis #Horror #Nikita #Arteta #Saka #Nunez https://t.co/KoVxgfb88o https://t.co/lVM6273OA7","['Fiverr', 'logo', 'Order', 'logotype']",Twitter Web App
22,Md Hanif Mahmood,,"Logo & Brand Identity Designer

üëâ 4+ years experience.
üëâ Ready to be hired!
üëâ E-mail: hmsabuj9@gmail.com
üëâ WhatsApp: +8801850788230",False,2022-10-10 02:12:16+00:00,"I'm a #Fiverr level 1 seller. If you need #logo just go to the link and
#Order- https://t.co/B2NjqiO8lk

#logotype #minimalist #logodesign #logoinspirations #Novak #Fashion #ecommerce #Jesus #KARL #Chivas #needlogo #Twitch #wooyoung #Nazis #Horror #Nikita #Arteta #Saka #Nunez https://t.co/1bPlxGZPDJ https://t.co/U9U2PepU43","['Fiverr', 'logo', 'Order', 'logotype']",Twitter Web App
23,Add to Cart,United Kingdom,Add to Cart is one of the UK‚Äôs fastest-growing #ecommerce marketplaces. We support online retailers to reach new customers and generate more orders. #AddtoCart,False,2022-10-10 02:11:53+00:00,"Dsquared2 Wood Eau De Toilette Spray 100 Ml For Women | Perfume &amp; Cologne

https://t.co/1dJC1e1OwV

#PerfumeCologne #Cosmetics #PersonalCare #HealthBeauty #AddtoCart #ecommerce #trending #shopify #ma...",['PerfumeCologne'],AddtoCart.co.uk
24,Md Hanif Mahmood,,"Logo & Brand Identity Designer

üëâ 4+ years experience.
üëâ Ready to be hired!
üëâ E-mail: hmsabuj9@gmail.com
üëâ WhatsApp: +8801850788230",False,2022-10-10 02:09:03+00:00,"@Reuters I'm a #Fiverr level 1 seller. If you need #logo just go to the link and
#Order- https://t.co/B2NjqiO8lk

#logotype #minimalist #logodesign #logoinspirations #Novak #Fashion #ecommerce #Jesus #KARL #Chivas #needlogo #Twitch #wooyoung #Nazis #Horror #Nikita #Arteta #Saka #Nunez https://t.co/Cf2CX6TqZK","['Fiverr', 'logo', 'Order']",Twitter Web App
25,Md Hanif Mahmood,,"Logo & Brand Identity Designer

üëâ 4+ years experience.
üëâ Ready to be hired!
üëâ E-mail: hmsabuj9@gmail.com
üëâ WhatsApp: +8801850788230",False,2022-10-10 02:08:24+00:00,"@TheEconomist I'm a #Fiverr level 1 seller. If you need a #logo just go to the link and
#Order- https://t.co/B2NjqiO8lk

#logotype #minimalist #logodesign #logoinspirations #Novak #Fashion #ecommerce #Jesus #KARL #Chivas #needlogo #Twitch #wooyoung #Nazis #Horror #Nikita #Arteta #Saka #Nunez https://t.co/FA2p0rEHde","['Fiverr', 'logo', 'Order']",Twitter Web App
26,Md Hanif Mahmood,,"Logo & Brand Identity Designer

üëâ 4+ years experience.
üëâ Ready to be hired!
üëâ E-mail: hmsabuj9@gmail.com
üëâ WhatsApp: +8801850788230",False,2022-10-10 02:07:38+00:00,"@bsindia @mihirssharma I'm a #Fiverr level 1 seller. If you need #logo just go to the link and
#Order- https://t.co/B2NjqiO8lk

#logotype #minimalist #logodesign #logoinspirations #Novak #Fashion #ecommerce #Jesus #KARL #Chivas #needlogo #Twitch #wooyoung #Nazis #Horror #Nikita #Arteta #Saka #Nunez https://t.co/sloccMVl0v","['Fiverr', 'logo', 'Order']",Twitter Web App
27,Md Hanif Mahmood,,"Logo & Brand Identity Designer

üëâ 4+ years experience.
üëâ Ready to be hired!
üëâ E-mail: hmsabuj9@gmail.com
üëâ WhatsApp: +8801850788230",False,2022-10-10 02:05:46+00:00,"@CGTNOfficial I'm a #Fiverr level 1 seller. If you need #logo just go to the link and
#Order- https://t.co/B2NjqiO8lk

#logotype #minimalist #logodesign #logoinspirations #Novak #Fashion #ecommerce #Jesus #KARL #Chivas #needlogo #Twitch #wooyoung #Nazis #Horror #Nikita #Arteta #Saka #Nunez https://t.co/aGceLRjs6q","['Fiverr', 'logo', 'Order']",Twitter Web App
28,Md Hanif Mahmood,,"Logo & Brand Identity Designer

üëâ 4+ years experience.
üëâ Ready to be hired!
üëâ E-mail: hmsabuj9@gmail.com
üëâ WhatsApp: +8801850788230",False,2022-10-10 02:04:38+00:00,"I'm a #Fiverr level 1 seller. If you need #logo just go to the link and
#Order- https://t.co/B2NjqiO8lk

#logotype #minimalist #logodesign #logoinspirations #Novak #Fashion #ecommerce #Jesus #KARL #Chivas #needlogo #Twitch #wooyoung #Nazis #Horror #Nikita #Arteta #Saka #Nunez https://t.co/5v6d90ghCm","['Fiverr', 'logo', 'Order', 'logotype']",Twitter Web App
29,Techtic Solutions,"85 Broad St, New York, NY 10004","#MobileAppDevelopment | #WebDevelopment | Experience with 3000+ Websites, 250+ Apps! Expertise: iOS, Android, PHP Frameworks, Full Stack, Node, Angular, REACT.",False,2022-10-10 02:00:24+00:00,"On-time delivery is an absolute for #ecommerce sellers. Customers want to know if their order has been processed, when it‚Äôll arrive? That‚Äôs why speed, communication, &amp; personalization are all key factors in meeting delivery expectations of consumers. 
#onlineorderdelivery https://t.co/xSpjjVGLHP",['ecommerce'],Hootsuite Inc.
30,Jed Chan,"Quezon City, Philippines","Writer at The Learning Dad Blog | Christ-follower, Husband, Father of two, Businessman, Investor, Volunteer | @Spurs & @ChicagoBulls fan üèÄ",False,2022-10-10 02:00:21+00:00,"4 Reasons Why It Is Worth It To Start An Online Business

Read the full article: https://t.co/2BHR6FH4jG

#ecommerce #onlinebusiness #blogging",,SocialChamp IO 
31,Sramana Mitra,"Silicon Valley, CA",Founder of the 1Mby1M global virtual accelerator,False,2022-10-10 02:00:16+00:00,DISCOUNT COUPON: TRY1MBY1MOCT2022ECO Hello Entrepreneurs! Accelerate your startup with our Udemy course: How to Build E-commerce Startups Learn how to put one step before the other in your entrepreneurial journey. #ecommerce #startups #udemy https://t.co/WqcpaqO5UF,,Hootsuite Inc.
32,GOAFFPRO,,GOAFFPRO is a complete affiliate marketing solution for your e-commerce store. It provides you with industry best tools to setup an affiliate marketing program.,False,2022-10-10 02:00:00+00:00,"Have a look at how creative media can be used in promotions: https://t.co/Cnni2Ids6W

Checkout our app:
https://t.co/p1WoyXF2Bz

Install the app now:
https://t.co/b8saIo8SWO

#marketing #advertising #affiliates #business #influencer #referrals #coupons #ecommerce https://t.co/QWX0Y4QJ0V",,Twitter for Advertisers
33,Sociophile,United Kingdom,Advertisement | Digital Marketing | Virtual Assistant | Social Media Marketing,False,2022-10-10 02:00:00+00:00,"Important for #amazon sellers #etsy businesses and all other #ecommerce seller is #tiktok #advertisement. you can target worldwide with #tiktokads agency account. 
Get your own https://t.co/TlcFdwmEGF 
.
#JapaneseGP #RHOP #gpexplorer #XRPUSD #ExtremeRules #XRPCommunity #ARSLIV https://t.co/K4O9aZVNXt","['amazon', 'etsy', 'ecommerce', 'tiktok', 'advertisement']",Twitter Web App
34,Neeraj @3377,,I love anime,False,2022-10-10 01:57:21+00:00,"üõ∏ #MetaverseFlipkart, #India‚Äôs #ecommerce giant, cooperates with Meta and 0xPolygon to launch the metaverse #Flipve‚Ä¶","['MetaverseFlipkart', 'India', 'ecommerce', 'Flipve']",Twitter Web App
35,Branden Moskwa - eCommerce Coach and Mentor,The Hidden Planet of Big Lake,"Helping Entrepreneurs CrushIT online!
eCommerce Allstars Podcast: https://t.co/K21w45B6Xv",False,2022-10-10 01:56:33+00:00,"Listen Now: https://t.co/h9OHNip8VQ
Creating Iconic Customer Experiences: The Symbiotic Relationship Between Content and Commerce
#ecommerce #Podcast",,nadimo automation
36,Add to Cart,United Kingdom,Add to Cart is one of the UK‚Äôs fastest-growing #ecommerce marketplaces. We support online retailers to reach new customers and generate more orders. #AddtoCart,False,2022-10-10 01:53:55+00:00,"Jo Malone Earl Grey &amp; Cucumber Eau de Cologne 30ml Spray | Perfume &amp; Cologne

https://t.co/63NGHZTLqL

#PerfumeCologne #Cosmetics #PersonalCare #HealthBeauty #AddtoCart #ecommerce #trending #shopify...",,AddtoCart.co.uk
37,Sharky,"Springdale, AR",Selling vintage jewelry online for over 23 yrs. Also check out our new jewelry & accessories and our tabletop gaming supplies!,False,2022-10-10 01:43:11+00:00,Initial Letter L Vintage Tie Tack with Gemstone Chips https://t.co/YrgTzePQQ3 #smallbusiness #ecommerce #SharkysWaters #Vintage https://t.co/FF33jBPlj8,"['smallbusiness', 'ecommerce']",Autotw_e_e_t
38,EACHSPY,,"Facebook #Adspy tool.
Shopify & Aliexpress #Dropshipping products search engine.
Release the latest and hottest dropshipping products every day.",False,2022-10-10 01:41:23+00:00,"üî•2022 Upgrade  Unisex Warming Heated Vest
#dropshipping
#FacebookAds
#shopify
#ecommerce
https://t.co/EePj9t2l7y https://t.co/WXN5mwmaSI","['dropshipping', 'FacebookAds', 'shopify', 'ecommerce']",consttech
39,Sociophile,United Kingdom,Advertisement | Digital Marketing | Virtual Assistant | Social Media Marketing,False,2022-10-10 01:40:00+00:00,"Important for #amazon sellers #etsy businesses and all other #ecommerce seller is #tiktok #advertisement. you can target worldwide with #tiktokads agency account. 
Get your own https://t.co/TlcFdwmEGF  
.
#JapaneseGP #RHOP #gpexplorer #XRPUSD #ExtremeRules #XRPCommunity #ARSLIV https://t.co/yE5tjqs5Bo","['amazon', 'etsy', 'ecommerce', 'tiktok', 'advertisement']",Twitter Web App
40,Damon Pistulka,"Edmonds, WA","Helping owners build, prepare, and sell businesses | MFG | Ecommerce | Co-Founder | The Faces of Business Livestream/Podcast | Husband | Dad",False,2022-10-10 01:36:14+00:00,Uncovering Opportunities with the Model Based Enterprise - Jennifer Herron - The Faces of Business - Apple Podcast #dpistulka #exityourway #business #manufacturing #ecommerce https://t.co/L5VX4zSKbk,,SocialPilot.co
41,Branden Moskwa - eCommerce Coach and Mentor,The Hidden Planet of Big Lake,"Helping Entrepreneurs CrushIT online!
eCommerce Allstars Podcast: https://t.co/K21w45B6Xv",False,2022-10-10 01:36:11+00:00,"Listen Now: https://t.co/FZ5I6sLRZE
Disrupt eCommerce with Omnichannel Marketing
#ecommerce #Podcast","['ecommerce', 'Podcast']",nadimo automation
42,Danita Blackwood,,#Writer on many formats & platforms/ #SocialMedia/ #Marketing / #Publicist/ Produced USA‚Äôs top rated local AM TV #news/Former TV #reporter/#animal lover/,False,2022-10-10 01:32:23+00:00,"Thrifters who flock to Goodwill stores will now be able to do some serious treasure hunting online too.

Goodwill gets serious with a national #online shop for thrifters via @NPR
https://t.co/xXt5P2Y3Iq #Retail #ECommerce #ThriftStores",,Twitter Web App
43,Weather Games,,#GAMING,False,2022-10-10 01:32:12+00:00,"500 Clicks - Worldwide Organic Google Website Traffic  

#advertising #ecommerce #ecommercemarketing

https://t.co/KxamEmkUHO https://t.co/hSa9ODp0OH","['advertising', 'ecommerce', 'ecommercemarketing']",Onollo Software
44,holocorp,,Holo Corp,False,2022-10-10 01:30:32+00:00,"more.

#Holo #HoloLead #HoloERP #ERP #ERPSystem #ERPCloud #ERPSoftware #CRM #POS #Accounting #eCommerce #businesssoftware #EmailMarketing #SMSMarketing #Chatbot","['Holo', 'HoloLead', 'HoloERP', 'ERP', 'ERPSystem', 'ERPCloud', 'ERPSoftware', 'CRM', 'POS', 'Accounting', 'eCommerce']",Postly Social
45,Syed Reshma,"Nellore, Andhra Pradesh",‚ÄúImagine a world in which every single person on the planet is given free access to the sum of all human knowledge.‚Äù,False,2022-10-10 01:30:00+00:00,"How to Write an eCommerce Business Plan for Your Startup
#business #ecommerce #marketing #Planning #Management #entrepreneur #Target #audience #knowledge #organization @TycoonStoryCo @tycoonstory2020 @wpmetcom @YourStoryCo @mydukaanapp @ecommerceCEO 
https://t.co/z0v0s2qV70 https://t.co/Csj76Cp4TF","['business', 'ecommerce', 'marketing', 'Planning', 'Management']",Twitter Web App
46,Add to Cart,United Kingdom,Add to Cart is one of the UK‚Äôs fastest-growing #ecommerce marketplaces. We support online retailers to reach new customers and generate more orders. #AddtoCart,False,2022-10-10 01:29:53+00:00,"Calvin Klein Truth Eau De Parfum Spray 100 Ml For Women | Perfume &amp; Cologne

https://t.co/8t8FBdpaf1

#PerfumeCologne #Cosmetics #PersonalCare #HealthBeauty #AddtoCart #ecommerce #trending #shopify...",,AddtoCart.co.uk
47,Pony Express HQ,"San Mateo, CA",Pony Express is a dead simple SMS outreach tool for teams of all skill levels. #TextMarketing #SMSMarketing üíú #GroupTexting üí¨,False,2022-10-10 01:24:00+00:00,"To maximize the efficiency of your text marketing campaigns, you can follow these 11 tips in our blog post:

https://t.co/1Fth8e75YE 

#shopping #holidayretail #retailnews #supportlocal #womenowned #sales #marketingstrategy #sportsbiz #ecommerce #SMSmarketing #pizza #etsy #SMS https://t.co/iaE4W5YS67",,Semrush Social Media Tool
48,Ash (he/him) | Digital Marketing Pro (End-to-end),Get my freebies. Now ‚û°Ô∏è,I do end-to-end #digitalmarketing | + coach on long-term biz growth üí™ üëâ Grab freebies & online courses: https://t.co/OLWPMXlsni,False,2022-10-10 01:19:48+00:00,How to Turn Each Sale into a Lifetime Of Revenue #eCommerce https://t.co/hmnpIiYoZ9 https://t.co/TyQAxo0wel,['eCommerce'],Semrush Social Media Tool
49,Business Partner Mag,"Watford, Hertfordshire, UK",A digital magazine that provides the tips and strategies that #smallbusiness owners need to succeed. #BusinessTips #SME,False,2022-10-10 01:15:10+00:00,The eCommerce affiliate #marketing is now a common strategy for increasing sales and generating online revenue that benefits both brands and #affiliate marketers. #ecommerce #affiliatemarketing https://t.co/KGBLjQ172G https://t.co/M4JKYLaoqH,['marketing'],Hootsuite Inc.
50,Add to Cart,United Kingdom,Add to Cart is one of the UK‚Äôs fastest-growing #ecommerce marketplaces. We support online retailers to reach new customers and generate more orders. #AddtoCart,False,2022-10-10 01:05:16+00:00,"Giorgio Beverly Hills Red Eau De Toilette Spray 50 Ml For Women | Perfume &amp; Cologne

https://t.co/hYPvVIHLmb

#PerfumeCologne #Cosmetics #PersonalCare #HealthBeauty #AddtoCart #ecommerce #t...",,AddtoCart.co.uk
51,Stylelib Themes & Templates,,"50,000 WordPress Themes & Website Templates From 5$. The Most Popular eCommerce, WordPress Themes and Plugins.",False,2022-10-10 01:02:28+00:00,"Leo Universe - Electronics &amp; Digital Store Prestashop 1.6 &amp; 1.7 Theme
https://t.co/H9tPrADONU

#animationsandowlcarousel #bestprestashopframework #ecommerce #gadgetsampdigital #headphone #hitech #leotheme #materialandtools #prestashop #prestashop17template",,stylelib.org
52,Jim Phillips,Chicago,Interested in the Digitization of commerce. Working on the data layer of DTC @charmanalytics @graymatter_co Past: Co-Founder @gofooda & GM @ritual_co,False,2022-10-10 01:02:21+00:00,"I had the perception #ecommerce was easy because you can automate most of the steps. Any Entrepreneurship is hard and DTC is no different. Be ready to commit.

3. Do it Yourself üëá",['ecommerce'],Twitter for iPhone
53,Candy Fu,,,False,2022-10-10 01:02:05+00:00,"‚ñ≤FUNLAND 
‚ñ≤Class 11+12+25+28 - Lighting /Heating 
‚ñ≤Reg. #:847631
‚ñ≤RUSTrademark for Sale | Designed for Amazon Sellers 
‚ñ≤ #Trademark #Amazon #FBA #Brand #Branding #Ecommerce #Logo #Design #IntellectualProperty #TrademarkRegistration #Lighting #Heating#Vehicles #Car #Drone #Mo https://t.co/6DWat5kehd",,Twitter Web App
54,Elf Tower Hobbies,"Albuquerque, New Mexico","eBay reseller specializing in collectibles, movies, video games, electronics, clothing and toys. üÉèüß∏üé≤üéÆüì∑üíøüìºüëïüëñüëú üì¶üì´Thanks for checking us out!",False,2022-10-10 01:01:25+00:00,Japanese Erika's Clefairy just listed in the store along with tons of other cards! #japanese #erika #gym #leader #heroes #challenge #set #collectible #basic #pocket #monsters #pokemon #tcg #trading #card #game #ebay #store #resale #reseller #thrift #find #flip #hustle #ecommerce https://t.co/MhHoGaDx36,"['japanese', 'erika', 'gym', 'leader']",SocialPilot.co
55,AmazonSellersLawyer,"New York, NY","Your go to legal service for complaints, Amazon suspensions, and violations, as well as lawyer to lawyer services.",False,2022-10-10 01:00:42+00:00,"How Amazon Sellers Obtain Reactivation of Their Account After Violating Someone‚Äôs Copyright

READ HEREüëâhttps://t.co/UtYZx9YaPS

Rosenbaum &amp; Segall, P.C.
 
üåêhttps://t.co/W5D2Xbyq7W
‚òéÔ∏è1-877-9-735537
 
#amazon #amazonprime #amazonfba #amazonseller #ecommerce https://t.co/UI4OIuDSG5",,Hootsuite Inc.
56,EACHSPY,,"Facebook #Adspy tool.
Shopify & Aliexpress #Dropshipping products search engine.
Release the latest and hottest dropshipping products every day.",False,2022-10-10 01:00:23+00:00,"Magnetic Mini Gps Trackerüî•Last day 50% offüî•
#dropshipping
#FacebookAds
#shopify
#ecommerce
https://t.co/EePj9t2l7y https://t.co/cg788087cl","['dropshipping', 'FacebookAds', 'shopify', 'ecommerce']",consttech
57,Branden Moskwa - eCommerce Coach and Mentor,The Hidden Planet of Big Lake,"Helping Entrepreneurs CrushIT online!
eCommerce Allstars Podcast: https://t.co/K21w45B6Xv",False,2022-10-10 00:56:34+00:00,"Listen Now: https://t.co/Ru7s9tMUWa
How to Beat Goliath: Marketing Secrets to Dominate TODAY
#ecommerce #Podcast","['ecommerce', 'Podcast']",nadimo automation
58,Add to Cart,United Kingdom,Add to Cart is one of the UK‚Äôs fastest-growing #ecommerce marketplaces. We support online retailers to reach new customers and generate more orders. #AddtoCart,False,2022-10-10 00:54:32+00:00,"Glenfiddich 30 Year Old Single Malt Scotch - 70cl 43% | Whisky

https://t.co/RkIQ1zhWV4

#Whisky #LiquorSpirits #AlcoholicBeverages #Beverages #FoodBeveragesTobacco #AddtoCart #ecommerce #trending #shopify...","['Whisky', 'LiquorSpirits']",AddtoCart.co.uk
59,Candy Fu,,,False,2022-10-10 00:52:11+00:00,"‚ñ≤RENIE 
‚ñ≤Class 3+35+41+44 - Cosmetics /Beauty 
‚ñ≤Reg. #:662717
‚ñ≤RUSTrademark for Sale | Designed for Amazon Sellers 
‚ñ≤ #Trademark #Amazon #FBA #Brand #Branding #Ecommerce #Logo #Design #ObiWan #StrangerThings4 #GoodFriday #Cosmetics #Beauty#Perfume #Fashion#Amazon #Trademark https://t.co/Oqc0hV8pSH",,Twitter Web App
60,Lina Wang,Macau,"Many career hats. MBA, Model, anchor, editor, dancer,painter, poker player. CEO of Atlantis Global. Gaming Developer, Content Marketing, Social Media Strategist",False,2022-10-10 00:50:09+00:00,One of the most important ways for tree service companies to increase their visibility and reach potential customers is through content marketing. https://t.co/Qy6IwrBfhI #business #ecommerce,,ContentStudio.io
61,Candy Fu,,,False,2022-10-10 00:47:46+00:00,"‚ñ≤SPORTLABS
‚ñ≤Class 25+35 - Clothing /Shoes 
‚ñ≤Reg. #:620001
‚ñ≤RUSTrademark for Sale | Designed for Amazon Sellers 
‚ñ≤#Trademark #Amazon #FBA #Brand #Branding #Ecommerce #Logo #Design #IntellectualProperty #Cloting #Shoes #Apparel #Fashion/class_35_advertising_business https://t.co/TUJ6I6ruCF",,Twitter Web App
62,Accelerize360,"Dallas, TX",Your trusted partner for Salesforce implementation and managed services.,False,2022-10-10 00:45:01+00:00,Keep a watchful eye on #ecommerce trends ...https://t.co/sSYOmtfqdE https://t.co/bFqTC7Utau,['ecommerce'],Buffer
63,Sharky,"Springdale, AR",Selling vintage jewelry online for over 23 yrs. Also check out our new jewelry & accessories and our tabletop gaming supplies!,False,2022-10-10 00:43:06+00:00,Serpentine Gemstone Vintage Screw Back Earrings https://t.co/EOYXMEAc8Z #smallbusiness #ecommerce #SharkysWaters #VintageEarrings https://t.co/VI4svCTTlt,"['smallbusiness', 'ecommerce', 'SharkysWaters']",Autotw_e_e_t
64,PRIME | NFT Promoter ‚Ñ¢Ô∏è,,Crypto and NFT guy. Stonk Investor #Ethereum #NFTCommunity. DM for Business üëÄ,False,2022-10-10 00:43:00+00:00,"Are you Buying the Dip? @swaggerusa1 is! 

https://t.co/7iWqLLUStq #Bitcoin #ethereum #SOLANA #StockMarket $SPY $TSLA $AAPL #cryptotwitter #NFTs #dogecoin #ecommerce #Deals","['Bitcoin', 'ethereum', 'SOLANA', 'StockMarket']",Twitter Web App
65,CORPUS,"North Carolina, USA","With CORPUS, follow the latest in Artificial Intelligence, Automation, and Data Science News ‚Ä¢ #ArtificialIntelligence #Automation #DataScience ‚Ä¢ https://t.co/phJFU2LtNo",False,2022-10-10 00:36:40+00:00,"Designing Bots for Facebook: Create and develop your own ChatBot 
https://t.co/crDXgHL0HT 
#business #chatbot #money #webmarketing #ecommerce #marketing","['business', 'chatbot']",CORPUS_NEWS
66,TheCuratedExperience,,"Immersive P2P experiment that will become ur experience in the x,y,z, just like you and me. #metacommerce W W W TheCurated Dot TV be safe and use a browser",False,2022-10-10 00:36:10+00:00,Transferred our first 3D #digitaltwin this week after a visitor bought a 1 of 36 physical item I was reselling. Is this a use case for #utility? I think so! Have a blast with this experiment. #immersivecommerce #ecommerce https://t.co/priIf2tUlP,['digitaltwin'],Twitter for iPhone
67,Ninja,Italia,Web Ninja. An intelligent mind is one which is constantly learning.,False,2022-10-10 00:30:57+00:00,"Join me on https://t.co/I1zenQRDL2, this awesome tool gives you the #opportunity to find golden products to sell for your #ecommerce in a blink of an eye ! Use my coupon: MINEx2GSHOP451 for 15% off for the first month. #winwin #dropshipping #logistics #Retail #Warehouse #viral",['opportunity'],Twitter Web App
68,Jeffrey Rosales,"San Diego, CA","Founder of @moneda_app | @USMC Veteran | Co-Chair of Veterans and Latinos BRG | @CSUSM Alum | Former Paylease, BAE, OrbitalATK",False,2022-10-10 00:26:17+00:00,The community has spoken. PayPal Zelle #smallbusiness #Smallbiz #smallbusinessowner #fintech #cybersecurity #ecommerce #commerce #merchants #EtsySeller https://t.co/fIJdhexV6P https://t.co/bLvx0CVVe7,"['smallbusiness', 'Smallbiz', 'smallbusinessowner', 'fintech', 'cybersecurity']",Twitter for iPhone
69,Branden Moskwa - eCommerce Coach and Mentor,The Hidden Planet of Big Lake,"Helping Entrepreneurs CrushIT online!
eCommerce Allstars Podcast: https://t.co/K21w45B6Xv",False,2022-10-10 00:21:13+00:00,"Listen Now: https://t.co/C9lKtift7p
The Million Dollar Button - Should I hire an agency or ecommerce expert?
#ecommerce #Podcast","['ecommerce', 'Podcast']",nadimo automation
70,Weather Games,,#GAMING,False,2022-10-10 00:20:57+00:00,"200 YouTube Views  

#advertising #ecommerce #ecommercemarketing

https://t.co/hIjzy04BNH https://t.co/W4LWCYgoQN","['advertising', 'ecommerce', 'ecommercemarketing']",Onollo Software
71,Add to Cart,United Kingdom,Add to Cart is one of the UK‚Äôs fastest-growing #ecommerce marketplaces. We support online retailers to reach new customers and generate more orders. #AddtoCart,False,2022-10-10 00:20:33+00:00,"EAST COAST NURSERY CHANGING MAT ESSENTIAL RED SPOT | Gin

https://t.co/SEodhPH7qq

#Gin #LiquorSpirits #AlcoholicBeverages #Beverages #FoodBeveragesTobacco #AddtoCart #ecommerce #trending #shopify #mark...","['Gin', 'LiquorSpirits']",AddtoCart.co.uk
72,HATINC üáµüá∏,Karachi,"HAT INCORPORATION A leading software house specializes in providing digital solutions to web, mobile, desktop application concepts and turning them into market",False,2022-10-10 00:15:14+00:00,"Just DM Us !
 #webhosting #hosting #wordpress #domain #webhostingservices #webhostingcompany #web #vps #wordpresshosting #websitehosting #webhostingprovider #cloudhosting #sharedhosting #ecommerce #server #domainname #domains #cloud
https://t.co/bJer3EIPRw","['webhosting', 'hosting', 'wordpress', 'domain', 'webhostingservices', 'webhostingcompany', 'web', 'vps']",HATINC
73,Add to Cart,United Kingdom,Add to Cart is one of the UK‚Äôs fastest-growing #ecommerce marketplaces. We support online retailers to reach new customers and generate more orders. #AddtoCart,False,2022-10-10 00:05:48+00:00,"Personalised Ipswich Town FC Street Sign Mouse Mat | Mouse Pads

https://t.co/vTT7vNPZ6I

#MousePads #ComputerAccessories #ElectronicsAccessories #Electronics #AddtoCart #ecommerce #trending #shopify #marke...",['MousePads'],AddtoCart.co.uk
74,Damon Pistulka,"Edmonds, WA","Helping owners build, prepare, and sell businesses | MFG | Ecommerce | Co-Founder | The Faces of Business Livestream/Podcast | Husband | Dad",False,2022-10-10 00:05:14+00:00,Solving ERP Selection and Implementation Challenges - Sam Gupta - The Faces of Business-The Faces of Business Blog- #dpistulka #exityourway #business #manufacturing #ecommerce https://t.co/qKdcBk81LZ,,SocialPilot.co
75,Syrus Industry,Roma,#SEO #WebAgency #SoftwareHouse #WebReputation #Google #Shopify #Wordpress - https://t.co/jI3e0oZALl - https://t.co/HQfxNckpRa - https://t.co/dq2GCmHaEt - https://t.co/JuxaLeK5Lk,False,2022-10-10 00:04:37+00:00,"Get more Followers on Pinterest
https://t.co/VdwZ0MaKh8
#Howtodo #ads #advertisement #BusinessAnalyst #Create #ecommerce #followers #GoogleAnalytics #Pinterest #sales #website","['Howtodo', 'ads', 'advertisement', 'BusinessAnalyst', 'Create']",Zapier.com
76,uThemes,,"50,000 WordPress Themes & Website Templates From 5$. The Most Popular eCommerce, WordPress Themes and Plugins.",False,2022-10-10 00:03:27+00:00,"Ejon - Electronics eCommerce HTML Template
https://t.co/9YZpBTFS4s

#bootstrap #catalog #ecommerce #ecommerce #electronics #envytheme #gadgetsshop #onlinestore #partsshop #refrigerator #retail #shop #shopping #shoppingtemplate #sitetemplates #store #themeforest","['bootstrap', 'catalog', 'ecommerce', 'ecommerce']",stylelib.store
77,Codelib App,,"Discover 38,000+ scripts, plugins and code from $2
Unique code, scripts and plugins made by world-class creators.",False,2022-10-10 00:02:46+00:00,"Improved Product Options for WooCommerce
https://t.co/qfqMGg0GmI

#addonoptions #codecanyon #customoptions #customproduct #customvariation #ecommerce #ecommerce #extraoptions #extraproductoptions #pricefields #product #productattributes #productchoices","['addonoptions', 'codecanyon', 'customoptions']",codelib.app
78,Branden Moskwa - eCommerce Coach and Mentor,The Hidden Planet of Big Lake,"Helping Entrepreneurs CrushIT online!
eCommerce Allstars Podcast: https://t.co/K21w45B6Xv",False,2022-10-10 00:02:05+00:00,"Listen Now: https://t.co/9guYKAEBSJ
20 Experts in eCommerce and Retail You Need to Follow
#ecommerce #Podcast","['ecommerce', 'Podcast']",nadimo automation
79,seamlessblend,"New York, NY",,False,2022-10-09 23:58:18+00:00,RETAILERS ORGANIZING INTO BUYING GROUPS | https://t.co/R8b6p24hLp | Harder for manufacturers to maintain profit margin | #retail #retailindustry #ecommerce #competitiveadvantage #profitmargin #marketshare #marketinsight #businessdevelopment #distribution #manufacturing #producer,,dancehallaudio
80,Business Continuum,"Melbourne, Victoria",Business Software Advisors on a mission to automate business process to gain real-time performance insights #Inventory #Accounting #Expenses #Projects #CRM üá¶üá∫,False,2022-10-09 23:53:37+00:00,"Want to learn more eCommerce? Join the FREE @unleashedteam eCommerce webinar series on October 11th at 12pm AEST, 2pm NZST. 

Register here - https://t.co/Yu2YMlVwE6

#ecommerce #webinar #business #software https://t.co/eQxjg7qQoi",,Twitter for iPhone
81,Add to Cart,United Kingdom,Add to Cart is one of the UK‚Äôs fastest-growing #ecommerce marketplaces. We support online retailers to reach new customers and generate more orders. #AddtoCart,False,2022-10-09 23:50:37+00:00,"Mango Wood Round Flower Of Life Ashcatcher Incense Sticks &amp; Cones Burner | Incense

https://t.co/2UsHLxsWc7

#Incense #CandlesHomeFragrances #Decor #HomeGarden #AddtoCart #ecommerce #...",,AddtoCart.co.uk
82,Diamondsorlight,,"Poet, Author, I believe that everyone has to be who they were born to be. Check out the new book on Amazon: Be Still Poetry Collection by Cindy Kearney",False,2022-10-09 23:49:18+00:00,"E-books: A Major Business attraction for Marketers
 https://t.co/xsPnHZAhSX

#ebooks #ZapInventory #eCommerce #MarketingIndustry #LatestUpdates https://t.co/4VsBGcKtQc","['ebooks', 'ZapInventory', 'eCommerce']",Missinglettr
83,Add to Cart,United Kingdom,Add to Cart is one of the UK‚Äôs fastest-growing #ecommerce marketplaces. We support online retailers to reach new customers and generate more orders. #AddtoCart,False,2022-10-09 23:44:13+00:00,"Wall-mounted TV Cabinets 2 pcs High Gloss Black Engineered Wood | Gin

https://t.co/aHTMnkd8ua

#Gin #LiquorSpirits #AlcoholicBeverages #Beverages #FoodBeveragesTobacco #AddtoCart #ecommerce #t...","['Gin', 'LiquorSpirits']",AddtoCart.co.uk
84,Sharky,"Springdale, AR",Selling vintage jewelry online for over 23 yrs. Also check out our new jewelry & accessories and our tabletop gaming supplies!,False,2022-10-09 23:43:02+00:00,Green Agate Gemstone Vintage Charm Bracelet https://t.co/HV8XAh5ii3 #smallbusiness #ecommerce #SharkysWaters #ImitationPearl https://t.co/IWuR5Pe72N,"['smallbusiness', 'ecommerce', 'SharkysWaters']",Autotw_e_e_t
85,Alfaras Creativity,"Safi, Royaume du Maroc",Alfaras Creativity sera ravi de vous aider √† pr√©senter votre marque avec un contenu visuel de qualit√© Laissez-nous un message pour discuter de votre besoin.,False,2022-10-09 23:42:15+00:00,"Choose your creativity &amp; we will do the rest ..¬¥
#travel #outfit #onepiece #lifestyle #quotes #wedding #ecommerce #reels #travelphotography #ÿ™ÿµŸÖŸäŸÖ #instagood #ootd #photography #art #streetstyle #summer #design #fashion #food #gym #healthylifestyle #jungkook #kpop #change #viral https://t.co/dpaJebSxvd","['travel', 'outfit', 'onepiece', 'lifestyle', 'quotes', 'wedding', 'ecommerce']",Twitter for Android
86,Add to Cart,United Kingdom,Add to Cart is one of the UK‚Äôs fastest-growing #ecommerce marketplaces. We support online retailers to reach new customers and generate more orders. #AddtoCart,False,2022-10-09 23:41:35+00:00,"Basin Ceramic Rectangular Black 41x30x12 cm | Bathroom Basins

https://t.co/iWqlLiQNPJ

#BathroomBasins #Sinks #PlumbingFixtures #Plumbing #Hardware #AddtoCart #ecommerce #trending #shopify #marketplace...","['BathroomBasins', 'Sinks']",AddtoCart.co.uk
87,engatica,,"Ride the rocketship towards innovation üöÄ
An open community of like-minded innovators on a mission to innovate, educate, and inform!",False,2022-10-09 23:37:00+00:00,"Literacy rate in the world - 70%+
Data literacy - 0.1%

Check out the link - https://t.co/2o1d0imNSr

By @KirkDBorne

#technology #chatbots #edtech #ecommerce #tech #education #model #datascientist #artificialintelligence #ai #communications #data #data #DataAnalytics https://t.co/VnsUgZHKfG",,TweetDeck
88,Alfaras Creativity,"Safi, Royaume du Maroc",Alfaras Creativity sera ravi de vous aider √† pr√©senter votre marque avec un contenu visuel de qualit√© Laissez-nous un message pour discuter de votre besoin.,False,2022-10-09 23:33:51+00:00,"Graphic designer 
All graphic projects( Logo maker,  thumbnail, Business Card, WebSite and more.. )
Fast reponse‚úÖ
#travel #outfit #onepiece #lifestyle #quotes #wedding #ecommerce #reels #travelphotography #ysl #instagood #ootd #photography #art #streetstyle #summer #design https://t.co/QWjd8rhENR",,Twitter for Android
89,Marcus Davis,"Atlanta, GA","Founder of @B2MLLC and https://t.co/MCjg1B9qUy Helping businesses capitalize on digital marketing strategies, tools, and technologies. #Advertising #SocialMedia",False,2022-10-09 23:32:29+00:00,4 Critical Steps For Creating A Profitable Online #Business by KimanziC via Addictd2Success - https://t.co/71E9OTa4Bk #Ecommerce,"['Business', 'Ecommerce']",The Social Jukebox
90,üòçKevin Kavanagh The Digital Marketing Guy üòç,Ireland,üí∏ üëâ @kevinvipsonline Helping entrepreneurs build their online businesses  https://t.co/VGPFm8n0Eh‚Ä¶,False,2022-10-09 23:23:06+00:00,"No matter what business you‚Äôre in, you need to learn marketing. https://t.co/BzYG1Zcnxw

#onlinebusiness #businness #marketingtwitter 
#entrepreneur #onlinemarketing   #digitalmarketing #smallbusiness #marketing  #businessowner #ecommerce https://t.co/9fEs8mo6rJ","['onlinebusiness', 'businness']",Twitter Web App
91,Fran Success Team,Cincinnati. OH,"We offer the expertise to help startups, emerging and established franchise brands grow. Follow our CEO @michelle_hummel",False,2022-10-09 23:18:30+00:00,Why settle for a social media company that works in a vacuum? Call us at 888-305-3876 or email info@franchisesuccessteam.com and let's talk about a marketing partnership today. üëç #franchisor #entrepreneur #franchise #ecommerce üëç https://t.co/rA6jBairqW https://t.co/GXhC089cIZ,,Sendible
92,Wptonmoy,"Dhaka,Bangladesh",WordPress Expert | Elementor Expert | Ecommerce Developer | Copywriter |,False,2022-10-09 23:18:19+00:00,"Are You Looking For An Elementor Expert?
-You Go Through The Link to Get More Info:
https://t.co/PLcUpwdV3i

#ecommerce #wordpress #developer #business #business #ElementorExert #elementorwebsite #wordpresswebsite #wordpressdeveloper #elementorproexpert #elementorwebsite #wordpre https://t.co/ztSCUPQ3GP",,Publer.io
93,Khareem Sudlow,"Los Angeles, New York, ",Aspiring #Philanthropist | AlgorithmTrader | Publisher / Producer | Sound Designer | Entrepreneur | via https://t.co/LZF4E8Y3xg,False,2022-10-09 23:15:17+00:00,#Technical Michigan is becoming the center of US battery manufacturing #Ecommerce #TechSEOBoost #Business via https://t.co/0TQvEd4Itp,"['Technical', 'Ecommerce', 'TechSEOBoost', 'Business']",IFTTT
94,Add to Cart,United Kingdom,Add to Cart is one of the UK‚Äôs fastest-growing #ecommerce marketplaces. We support online retailers to reach new customers and generate more orders. #AddtoCart,False,2022-10-09 23:14:11+00:00,"Personalised Christmas Toadstool Santa 3 Piece Plastic Cutlery Set | Cutlery

https://t.co/6CZBXfYMI5

#Cutlery #Tableware #KitchenDining #HomeGarden #AddtoCart #ecommerce #trending #shop...",['Cutlery'],AddtoCart.co.uk
95,Stylelib Themes & Templates,,"50,000 WordPress Themes & Website Templates From 5$. The Most Popular eCommerce, WordPress Themes and Plugins.",False,2022-10-09 23:03:42+00:00,"Radiant UI Kit - 200+ for Sketch
https://t.co/J5dSTYrYCA

#app #ecommerce #graphictemplate #ios #iostemplate #iphone #mobiletemplate #mobileui #qualityuikit #sketch #smartphone #social #themeforest #uikit #uitemplates #uicreativenet #creative #mobile #modern","['app', 'ecommerce', 'graphictemplate', 'ios', 'iostemplate']",stylelib.org
96,Stylelib Themes & Templates,,"50,000 WordPress Themes & Website Templates From 5$. The Most Popular eCommerce, WordPress Themes and Plugins.",False,2022-10-09 23:03:40+00:00,"ChocoMars - Multi-Purpose WordPress Theme
https://t.co/j7YuGVTtg9

#bakery #chocolatewordpresstheme #chocomars #ecommerce #ecommercetheme #fashionboutiquestore #featuredproducts #jewelry #responsiveexperts #themeforest #woocommerce #wordpress #food #shop #shopping","['bakery', 'chocolatewordpresstheme', 'chocomars']",stylelib.org
97,Fancy Names,,,False,2022-10-09 23:01:21+00:00,"https://t.co/cP2vRs3Zbb is for Sale!
#domain #domainname #domainnameforsale #startup #domainers #Entrepreneur #squadhelp #ecommerce #business #website #brand #domainforsale #market #eagle #decor #homedecor #interiordesign #design #home #interior #decoration #art #architecture https://t.co/NKuX7zxJas","['domain', 'domainname', 'domainnameforsale', 'startup', 'domainers', 'Entrepreneur']",IFTTT
98,Stylelib Themes & Templates,,"50,000 WordPress Themes & Website Templates From 5$. The Most Popular eCommerce, WordPress Themes and Plugins.",False,2022-10-09 23:01:18+00:00,"WooCommerce Membership *
https://t.co/YTm90Hresa

#codecanyon #ecommerce #membership #membershipforwoocommerce #memberships #rightpress #woocommerce #woocommercemembership #woocommercememberships #wordpress #wordpressmembership","['codecanyon', 'ecommerce', 'membership', 'membershipforwoocommerce']",stylelib.org
99,Merchant Fraud Journal,United States,Merchant Fraud Journal is an independent and unbiased publication dedicated to empowering merchants to greatly reduce the impact of fraud on their businesses.,False,2022-10-09 23:01:06+00:00,"How to Create an Omnichannel Fraud Prevention Strategy

This article is part 3 in a series by ex-fraudster Alex Hall, centered around the migration to e-commerce that many merchants employed üëáÔ∏è

https://t.co/hEUFzklIGq

#online #retail #ecommerce #fraudprevention https://t.co/TqSbwsgi4X",,LaterMedia
100,uThemes,,"50,000 WordPress Themes & Website Templates From 5$. The Most Popular eCommerce, WordPress Themes and Plugins.",False,2022-10-09 23:01:05+00:00,"Digita - WooCommerce Parallax Theme
https://t.co/T2R2kQUbLY

#computer #ecommerce #electronics #mobile #responsive #responsivedesign #responsiveecommerce #templatemela #themeforest #woocomercetheme #woocommerce #woocommercetemplate #wordpress","['computer', 'ecommerce', 'electronics', 'mobile', 'responsive']",stylelib.store
